,数据分析工作要求
1,工作职责;1、负责部门内数据库建设和维护；;2、满足业务部门数据需求支持；;3、结合业务需求场景，完成数据标准化和分析模型创新；;4、进行销售数据分析及运营。;;任职资格;1、本科及以上学历，统计学、计算机科学与技术等专业优先；;2、优秀的逻辑思维能力和数据敏感性，良好的沟通表达能力；;3、良好的数据整合和分析能力和创新意识；;4、熟练使用SQL、EXCEL、ACCESS等数据分析工具，有Python能力者优先。
3,"工作职责
1、负责结合公司旗下产品，基于用户行为数据和其他渠道数据，构建用户画像体系；;2、基于用户行为和业务行为等多种数据，进行数据清洗、加工、构建数据模型，挖掘客户的潜在价值；;3、基于用户画像，构建线上数据产品、数据研发及数据维护，提升数据质量等。

任职资格
1、本科学历以上，计算机/信息专业优先；;2、熟悉Linux、Shell、Python，Hadoop/Spark，深入理解 Vue.js/React.js 框架，深谙 Vuex、Redux 等状态管理库原理；;3、具有数据敏感度，能从数据发现问题，分析问题，从而提出改进方案。"
4,【岗位职责】;1、销售日报，周度、月度行业销售分析，关注行业商机储备、转化，行业下单和完成趋势，以及行业活跃用户情况，对各行业业务情况做诊断;2、销售预测模型建立，以及数据报表系统化进程推进;3、经营数据分析，包含费用使用情况、异常点，以及部门净利、重点客户利润跟进等;4、协助整理部门绩效数据以及领导安排的其他工作;【任职要求】;1、能保证长期实习者优先，保证四个月以上，一周五天，可偶尔请假，不符合时间条件勿扰；;2、熟练使用Excel、PPT等办公软件；熟练使用Excel中各函数；;3、能使用Python/R等进行数据分析加分；有统计/数学/计算机等相关学科背景者加分;【福利】;1、京东免费的就餐补贴、健身房、员工诊所等，以及部门各种零食投喂;2、领导们人超级好，愿意教学，成长空间非常大，会亲自参与很多决策工作
5,工作职责：;1. 对大数据和智能化行业领域的软件平台、产品和技术发展进行研究；;2. 进行大数据分析和建模平台以及智能化产品领域的需求调研和分析、产品设计和系统分析。;任职要求：;1、统计学、运筹学、管理科学、计算机信息类、数据分析等相关专业硕士以上；;2、对数据敏感，具有缜密的逻辑思维能力、的书面总结和口头表达能力；;3、熟练使用Excel、PPT、数据分析软件R/python、SQL，有较好的文字、数据、图标呈现能力。;4、积极良好的心态，能承受工作压力，乐于与团队成员分享知识与经验。
6,职位描述：;1、通过算法，对业务进行优化分析，例如做客户画像分析、客户流失预测分析、潜在付费客户转化推荐等;;任职要求：;1、985、211院校学生，或者国外QS排名前200的院校学生，计算机、统计、数学等相关专业;2、熟悉SQL、常见的分类算法及预测类算法;3、熟练使用python，对数据清洗、数据处理有一定经验;4、每周实习4~5天，持续3个月以上，可远程实习。;;
7,"如果你希望每天充满挑战，如果你喜欢上网，如果你喜欢研究新事物， 如果你逻辑性强，有耐心，那这里非常适合你！


		岗位职责：


		1. 对互联网数据进行整理分析和汇报


		2. 操作互联网自动化软件


		?
	

		任职资格：


		1?有较强逻辑性，愿意学习新事物，热情，乐观。


		2.?对广告行业感兴趣，有着较强地逻辑思考能力，沟通能力，抗压能力，主观能动性


		3.?能熟练掌握使用office办公软件，特别是excel；


		4.?对数据敏感，有一定数据分析能力，有责任心


		5. 英语流利从优，会剪辑视频从优。
	

		6. 专、本科学历，专业不限， 大四学生从优先。?


		?
	

		你的导师：有着20年经验，曾是国际公司的高管。


		公司名称：上海蓝石广告有限公司


		公司介绍：一个不苦逼的创业型公司


		公司的理念：做快乐而又有价值的事?


		主营业务：明悉平台（专利产品），凯西找乐指南自媒体;如果你希望每天充满挑战，如果你喜欢上网，如果你喜欢研究新事物， 如果你逻辑性强，有耐心，那这里非常适合你！;岗位职责：;1. 对互联网数据进行整理分析和汇报;2. 操作互联网自动化软件;;任职资格：;1?有较强逻辑性，愿意学习新事物，热情，乐观。;2.?对广告行业感兴趣，有着较强地逻辑思考能力，沟通能力，抗压能力，主观能动性;3.?能熟练掌握使用office办公软件，特别是excel；;4.?对数据敏感，有一定数据分析能力，有责任心;5. 英语流利从优，会剪辑视频从优。;6. 专、本科学历，专业不限， 大四学生从优先。;;你的导师：有着20年经验，曾是国际公司的高管。;公司名称：上海蓝石广告有限公司;公司介绍：一个不苦逼的创业型公司;公司的理念：做快乐而又有价值的事;主营业务：明悉平台（专利产品），凯西找乐指南自媒体;;;;"
10,"工作职责：
1.业务相关数据分析；;2.分析报告输出；;任职资格：
1.本科及以上学历，统计学、应用数学、计算机等数据分析和应用的相关专业；
2.熟悉数据分析的基本理论和方法；;3.精通EXCEL等数据分析办公软件。"
11,职位描述;1、协助管理各渠道的用户数据分析，用户画像分析，数据挖掘，制定用户运营策略；;2、协助优化，分析业务指标数据逻辑，定期项目进度，输出项目推动策略，结合汽车金融目标， 对门店核心经营指标，异常指标进行监测分析，建立并完善数据监测体系；;3、定期输出市场数据分析报告，主动挖掘数据分析背后的原因，提出对策方案。;;职位要求;1、良好的数据敏感度，能设计逻辑清晰的数据表；;2、有常用数据分析工具的相关经验，熟练掌握SQL；;3、每周至少出勤4天，实习期不少于3个月；;4、思路清晰，善于思考，有较强的数据分析能力，能独立分析问题并推动解决问题。
12,"【岗位职责】;1. 负责跑腿业务相关日常数据的整理、统计、分析和同步；;2. 完成对业务关键指标的监控及异常波动等分析工作，并不断主动思考、反馈数据发现的各类业务问题，推进解决优化
；;3. 深入理解业务需求，结合数据方法和工具进行数据提取、整合、分析，为产品及决策提供数据分析支持，确保业务朝正确方向高效迭代发展
；;4. 对接部门内的数据提取需求，给出数据以及模板；;5. 对接部门内的数据分析项目需求，或与BI、大数据等其他部门合作完成数据分析项目需求，产出相关结论，指导业务发展。;【任职要求】;1. 统计学/经济/数学/计算机等理工科专业；;2. 熟练使用SQL、Python等数据分析软件（一定要会SQL）；;3. 熟练使用EXCEL/PPT等相关办公软件；;4. 有互联网数据挖掘、数据分析处理相关工作经历优先；;5. 可以马上到岗，每周工作可保证出勤四天以上、至少实习3个月，实习时间长者优先；"
13,"工作职责：
1、数据能力 - 日报、周报、数据看板制作?
2、deck能力 - deck、制作、汇报 宣讲材料制作?
3、分析能力 - 通过数据找出各城市的问题点，策略建议?
4、沟通能力 - 对接总部/大区 - 省区城市之前沟通桥梁
5、组织能力 - owner省区周会，项目跟进追踪
?职位要求：?
?1. 每周固定4天以上；实习期六个月以上优先?
?2. 无障碍使用SQL查询、熟练掌握Excel、Powerpoint，有商业分析实习经历优先，有互联网实习经验优先?
?3. 做事细心，逻辑性强，擅长沟通，对数字敏感，有独立思考能力?
?4. 专业不限，统计学、数学、计算机、经济学等相关专业优先"
14,工作内容：;1.收集、清洗、分析数据，梳理报表，完善业务指标体系。;2.负责BI报表开发和数据校验，为业务提供分析支持;3.能对异常情况进行分析，输出专项分析报告;;能力要求：;1.全日制本科及以上学历，金融、统计、应用数据类相关专业，具备统计学相关知识。;2.对数据/业务逻辑敏感，较好的学习能力、抗压能力、沟通协调能力;3.熟悉SQL、EXCEL。会使用python、R、SPSS其一;4.熟悉BI报表工具，如Tableau、power bi等
15,职位要求：;1、本科及以上学历，统计学、应用数学、计算机、情报学、信息科学等相关专业；;4、有数据挖掘、文本挖掘、自然语言处理等研究经历或运用经验者优先；;;岗位职责：;负责数据挖掘，数据分析等
16,"4.抽象数据分析需求，形成数据产品，分析业务流程、用户行为和重点环节的转化，辅助数据PM一起支持业务方更深刻的理解和使用数据;;岗位要求：
1.本科及以上学历，在校学生，有数据产品/运营或数据分析经验
2.善于沟通，具有服务意识，良好的团队合作精神
3.对数据敏感，逻辑性强，有一定的数据统计和运营分析能力
4.熟悉运用SQL，对前端BI、底层DB有一定的了解，能够配合数据RD和PM完成基础数据的探查工作，熟悉Hive，spark等大数据工具者优先
5.熟练使用Axure，Xmind，Excel，PPT等产品工具加分"
17,"岗位职责：
1、自动报表开发及维护（需要sql），40%
2、业务数据分析 40%
3、数据平台产品优化 10%
4、数据仓库表优化 10%;岗位要求：
1、熟练使用Excel、SQL（硬性）、Python，具备统计学基础知识；沟通能力强、产品理解及设计能力强
2、每周工作5天，实习时间不少于4个月，2周内能入职优先
3、统招本科及以上，21年应届毕业，统计、数学、计算机专业优先
4、表现优异者可发放21年转正offer，方向可选数据分析、数据产品经理
5、面试会有考核，另外需要准备一份之前做的分析报告（敏感数据脱敏处理）"
18,"岗位职责：;1、数据驱动：深入理解业务需求，结合数据分析方法和工具进行数据提取、整合 、分析，;为运营及决策提供数据分析支持；;2、数据监控：完成对业务关键指标监控及异常波动分析等，主动思考、反馈和发现各类业务问题，推进优化解决；;3、数据生产和工具：结合业务，生产、和工具，积极配合推进数据项目，应用解决业务问题。;岗位要求：;1、对互联网行业有浓厚兴趣，本科及以上学历，计算机，数学，统计，经济相关专业优先；;2、熟练掌握Excel, SQL，了解基本Linux命令，R和Python是加分项；;3、责任心强，有较好的数据处理能力、逻辑分析能力。"
19,岗位职责：;1. 利用数据银行和内部数据平台工具，形成有价值的洞察，输出行业分析报告；;2. 优化市场行业分析模型、消费者分析模型、消费者运营模型，为品牌电商提供定制化的数据解决方案支持；;3. 深刻理解电商生态环境内外的数据产品和营销工具，整合客户、电商平台及外部数据，参与构建数据业务体系闭环。;;任职要求：;1. 本科及以上学历2021届毕业生，统计学、市场营销等相关专业；;2. 对数据分析工作有浓厚兴趣；;3. 善于团队合作，遇到问题能够积极主动沟通，推动解决；;4. 谦虚好学，做事有目标感；;5. 阳光乐观，有一定的抗压能力。;;;在这里;;【大牌云集――操盘一流品牌的宝贵机会】;横跨家电、健康、母婴、美妆、跨境等领域;西门子、林内、欧姆龙、海昌、HealthyCare、ReFa、巧虎、妮飘等品牌是合作伙伴;;【大牛齐聚――多元学习机会的成长环境】;核心团队皆有10年+电商实战经验，阿里系、京东系大牛数不胜数;碧橙大学提供“全方位、立体式、多层次、多角度、专业化”培训;;【职业发展――更多可能的晋升发展空间】;三月一次调薪晋升机会;“H”双通道发展：P级（专业通道）+M级（管理通道）;;【丰厚待遇福利――让你快乐工作，更能认真生活】;有竞争力的薪酬，有保障的五险一金;节日福利、主题生日趴、团建活动……总是比你期待的多一点;;【年轻活力――给你愉悦热烈的团队氛围】;平均年龄不到28岁，年轻是我们的标签;“快乐工作，认真生活”是我们的信仰;上可职业专业强技能，下可唱K出游王者局，“碧橙九派”活动多;;期待你加入碧橙，与我们一起“让消费更快乐，让品牌更好做”！
24,工作职责;1、负责部门内数据库建设和维护；;2、满足业务部门数据需求支持；;3、结合业务需求场景，完成数据标准化和分析模型创新；;4、进行销售数据分析及运营。;;任职资格;1、本科及以上学历，统计学、计算机科学与技术等专业优先；;2、优秀的逻辑思维能力和数据敏感性，良好的沟通表达能力；;3、良好的数据整合和分析能力和创新意识；;4、熟练使用SQL、EXCEL、ACCESS等数据分析工具，有Python能力者优先。
26,"工作职责
1、负责结合公司旗下产品，基于用户行为数据和其他渠道数据，构建用户画像体系；;2、基于用户行为和业务行为等多种数据，进行数据清洗、加工、构建数据模型，挖掘客户的潜在价值；;3、基于用户画像，构建线上数据产品、数据研发及数据维护，提升数据质量等。

任职资格
1、本科学历以上，计算机/信息专业优先；;2、熟悉Linux、Shell、Python，Hadoop/Spark，深入理解 Vue.js/React.js 框架，深谙 Vuex、Redux 等状态管理库原理；;3、具有数据敏感度，能从数据发现问题，分析问题，从而提出改进方案。"
27,【岗位职责】;1、销售日报，周度、月度行业销售分析，关注行业商机储备、转化，行业下单和完成趋势，以及行业活跃用户情况，对各行业业务情况做诊断;2、销售预测模型建立，以及数据报表系统化进程推进;3、经营数据分析，包含费用使用情况、异常点，以及部门净利、重点客户利润跟进等;4、协助整理部门绩效数据以及领导安排的其他工作;【任职要求】;1、能保证长期实习者优先，保证四个月以上，一周五天，可偶尔请假，不符合时间条件勿扰；;2、熟练使用Excel、PPT等办公软件；熟练使用Excel中各函数；;3、能使用Python/R等进行数据分析加分；有统计/数学/计算机等相关学科背景者加分;【福利】;1、京东免费的就餐补贴、健身房、员工诊所等，以及部门各种零食投喂;2、领导们人超级好，愿意教学，成长空间非常大，会亲自参与很多决策工作
28,工作职责：;1. 对大数据和智能化行业领域的软件平台、产品和技术发展进行研究；;2. 进行大数据分析和建模平台以及智能化产品领域的需求调研和分析、产品设计和系统分析。;任职要求：;1、统计学、运筹学、管理科学、计算机信息类、数据分析等相关专业硕士以上；;2、对数据敏感，具有缜密的逻辑思维能力、的书面总结和口头表达能力；;3、熟练使用Excel、PPT、数据分析软件R/python、SQL，有较好的文字、数据、图标呈现能力。;4、积极良好的心态，能承受工作压力，乐于与团队成员分享知识与经验。
29,职位描述：;1、通过算法，对业务进行优化分析，例如做客户画像分析、客户流失预测分析、潜在付费客户转化推荐等;;任职要求：;1、985、211院校学生，或者国外QS排名前200的院校学生，计算机、统计、数学等相关专业;2、熟悉SQL、常见的分类算法及预测类算法;3、熟练使用python，对数据清洗、数据处理有一定经验;4、每周实习4~5天，持续3个月以上，可远程实习。;;
30,"如果你希望每天充满挑战，如果你喜欢上网，如果你喜欢研究新事物， 如果你逻辑性强，有耐心，那这里非常适合你！


		岗位职责：


		1. 对互联网数据进行整理分析和汇报


		2. 操作互联网自动化软件


		?
	

		任职资格：


		1?有较强逻辑性，愿意学习新事物，热情，乐观。


		2.?对广告行业感兴趣，有着较强地逻辑思考能力，沟通能力，抗压能力，主观能动性


		3.?能熟练掌握使用office办公软件，特别是excel；


		4.?对数据敏感，有一定数据分析能力，有责任心


		5. 英语流利从优，会剪辑视频从优。
	

		6. 专、本科学历，专业不限， 大四学生从优先。?


		?
	

		你的导师：有着20年经验，曾是国际公司的高管。


		公司名称：上海蓝石广告有限公司


		公司介绍：一个不苦逼的创业型公司


		公司的理念：做快乐而又有价值的事?


		主营业务：明悉平台（专利产品），凯西找乐指南自媒体;如果你希望每天充满挑战，如果你喜欢上网，如果你喜欢研究新事物， 如果你逻辑性强，有耐心，那这里非常适合你！;岗位职责：;1. 对互联网数据进行整理分析和汇报;2. 操作互联网自动化软件;;任职资格：;1?有较强逻辑性，愿意学习新事物，热情，乐观。;2.?对广告行业感兴趣，有着较强地逻辑思考能力，沟通能力，抗压能力，主观能动性;3.?能熟练掌握使用office办公软件，特别是excel；;4.?对数据敏感，有一定数据分析能力，有责任心;5. 英语流利从优，会剪辑视频从优。;6. 专、本科学历，专业不限， 大四学生从优先。;;你的导师：有着20年经验，曾是国际公司的高管。;公司名称：上海蓝石广告有限公司;公司介绍：一个不苦逼的创业型公司;公司的理念：做快乐而又有价值的事;主营业务：明悉平台（专利产品），凯西找乐指南自媒体;;;;"
33,"工作职责：
1.业务相关数据分析；;2.分析报告输出；;任职资格：
1.本科及以上学历，统计学、应用数学、计算机等数据分析和应用的相关专业；
2.熟悉数据分析的基本理论和方法；;3.精通EXCEL等数据分析办公软件。"
34,职位描述;1、协助管理各渠道的用户数据分析，用户画像分析，数据挖掘，制定用户运营策略；;2、协助优化，分析业务指标数据逻辑，定期项目进度，输出项目推动策略，结合汽车金融目标， 对门店核心经营指标，异常指标进行监测分析，建立并完善数据监测体系；;3、定期输出市场数据分析报告，主动挖掘数据分析背后的原因，提出对策方案。;;职位要求;1、良好的数据敏感度，能设计逻辑清晰的数据表；;2、有常用数据分析工具的相关经验，熟练掌握SQL；;3、每周至少出勤4天，实习期不少于3个月；;4、思路清晰，善于思考，有较强的数据分析能力，能独立分析问题并推动解决问题。
35,"【岗位职责】;1. 负责跑腿业务相关日常数据的整理、统计、分析和同步；;2. 完成对业务关键指标的监控及异常波动等分析工作，并不断主动思考、反馈数据发现的各类业务问题，推进解决优化
；;3. 深入理解业务需求，结合数据方法和工具进行数据提取、整合、分析，为产品及决策提供数据分析支持，确保业务朝正确方向高效迭代发展
；;4. 对接部门内的数据提取需求，给出数据以及模板；;5. 对接部门内的数据分析项目需求，或与BI、大数据等其他部门合作完成数据分析项目需求，产出相关结论，指导业务发展。;【任职要求】;1. 统计学/经济/数学/计算机等理工科专业；;2. 熟练使用SQL、Python等数据分析软件（一定要会SQL）；;3. 熟练使用EXCEL/PPT等相关办公软件；;4. 有互联网数据挖掘、数据分析处理相关工作经历优先；;5. 可以马上到岗，每周工作可保证出勤四天以上、至少实习3个月，实习时间长者优先；"
36,"工作职责：
1、数据能力 - 日报、周报、数据看板制作?
2、deck能力 - deck、制作、汇报 宣讲材料制作?
3、分析能力 - 通过数据找出各城市的问题点，策略建议?
4、沟通能力 - 对接总部/大区 - 省区城市之前沟通桥梁
5、组织能力 - owner省区周会，项目跟进追踪
?职位要求：?
?1. 每周固定4天以上；实习期六个月以上优先?
?2. 无障碍使用SQL查询、熟练掌握Excel、Powerpoint，有商业分析实习经历优先，有互联网实习经验优先?
?3. 做事细心，逻辑性强，擅长沟通，对数字敏感，有独立思考能力?
?4. 专业不限，统计学、数学、计算机、经济学等相关专业优先"
37,工作内容：;1.收集、清洗、分析数据，梳理报表，完善业务指标体系。;2.负责BI报表开发和数据校验，为业务提供分析支持;3.能对异常情况进行分析，输出专项分析报告;;能力要求：;1.全日制本科及以上学历，金融、统计、应用数据类相关专业，具备统计学相关知识。;2.对数据/业务逻辑敏感，较好的学习能力、抗压能力、沟通协调能力;3.熟悉SQL、EXCEL。会使用python、R、SPSS其一;4.熟悉BI报表工具，如Tableau、power bi等
38,职位要求：;1、本科及以上学历，统计学、应用数学、计算机、情报学、信息科学等相关专业；;4、有数据挖掘、文本挖掘、自然语言处理等研究经历或运用经验者优先；;;岗位职责：;负责数据挖掘，数据分析等
39,"4.抽象数据分析需求，形成数据产品，分析业务流程、用户行为和重点环节的转化，辅助数据PM一起支持业务方更深刻的理解和使用数据;;岗位要求：
1.本科及以上学历，在校学生，有数据产品/运营或数据分析经验
2.善于沟通，具有服务意识，良好的团队合作精神
3.对数据敏感，逻辑性强，有一定的数据统计和运营分析能力
4.熟悉运用SQL，对前端BI、底层DB有一定的了解，能够配合数据RD和PM完成基础数据的探查工作，熟悉Hive，spark等大数据工具者优先
5.熟练使用Axure，Xmind，Excel，PPT等产品工具加分"
40,"岗位职责：
1、自动报表开发及维护（需要sql），40%
2、业务数据分析 40%
3、数据平台产品优化 10%
4、数据仓库表优化 10%;岗位要求：
1、熟练使用Excel、SQL（硬性）、Python，具备统计学基础知识；沟通能力强、产品理解及设计能力强
2、每周工作5天，实习时间不少于4个月，2周内能入职优先
3、统招本科及以上，21年应届毕业，统计、数学、计算机专业优先
4、表现优异者可发放21年转正offer，方向可选数据分析、数据产品经理
5、面试会有考核，另外需要准备一份之前做的分析报告（敏感数据脱敏处理）"
41,"岗位职责：;1、数据驱动：深入理解业务需求，结合数据分析方法和工具进行数据提取、整合 、分析，;为运营及决策提供数据分析支持；;2、数据监控：完成对业务关键指标监控及异常波动分析等，主动思考、反馈和发现各类业务问题，推进优化解决；;3、数据生产和工具：结合业务，生产、和工具，积极配合推进数据项目，应用解决业务问题。;岗位要求：;1、对互联网行业有浓厚兴趣，本科及以上学历，计算机，数学，统计，经济相关专业优先；;2、熟练掌握Excel, SQL，了解基本Linux命令，R和Python是加分项；;3、责任心强，有较好的数据处理能力、逻辑分析能力。"
42,岗位职责：;1. 利用数据银行和内部数据平台工具，形成有价值的洞察，输出行业分析报告；;2. 优化市场行业分析模型、消费者分析模型、消费者运营模型，为品牌电商提供定制化的数据解决方案支持；;3. 深刻理解电商生态环境内外的数据产品和营销工具，整合客户、电商平台及外部数据，参与构建数据业务体系闭环。;;任职要求：;1. 本科及以上学历2021届毕业生，统计学、市场营销等相关专业；;2. 对数据分析工作有浓厚兴趣；;3. 善于团队合作，遇到问题能够积极主动沟通，推动解决；;4. 谦虚好学，做事有目标感；;5. 阳光乐观，有一定的抗压能力。;;;在这里;;【大牌云集――操盘一流品牌的宝贵机会】;横跨家电、健康、母婴、美妆、跨境等领域;西门子、林内、欧姆龙、海昌、HealthyCare、ReFa、巧虎、妮飘等品牌是合作伙伴;;【大牛齐聚――多元学习机会的成长环境】;核心团队皆有10年+电商实战经验，阿里系、京东系大牛数不胜数;碧橙大学提供“全方位、立体式、多层次、多角度、专业化”培训;;【职业发展――更多可能的晋升发展空间】;三月一次调薪晋升机会;“H”双通道发展：P级（专业通道）+M级（管理通道）;;【丰厚待遇福利――让你快乐工作，更能认真生活】;有竞争力的薪酬，有保障的五险一金;节日福利、主题生日趴、团建活动……总是比你期待的多一点;;【年轻活力――给你愉悦热烈的团队氛围】;平均年龄不到28岁，年轻是我们的标签;“快乐工作，认真生活”是我们的信仰;上可职业专业强技能，下可唱K出游王者局，“碧橙九派”活动多;;期待你加入碧橙，与我们一起“让消费更快乐，让品牌更好做”！
47,;岗位要求：
49,工作职责：1、协助数据分析师完成游戏项目数据分析工作，包括项目数据梳理、数据统计、数据分析等。;任职资格：1、国内外重点大学，应用数学、数理统计、计算机等相关专业，本科及以上在读；?2、具备一定数学、统计学理论基础和应用能力，熟练使用EXCEL、PPT、SQL查询语句，有使用过HIVE提取统计数据的经验；3、热爱游戏，二次元文化，喜欢尝试各种类型游戏，学习期间有过数据分析或挖掘相关项目经验者优先；?4、较强的逻辑分析能力，文档写作能力，良好的沟通能力以及心理承受能力，勇于接受挑战。
50,【仟言科技（佛山）有限公司】;【数据分析实习生】;岗位职责：;5、有数据分析经验，有独立完成项目经验者优先。;福利待遇;1.一经录用，公司将提供全套的技能培训和技术指导;2.上班时间地点：一周5天，可根据课程时间安排实习时间；接受远程办公；周末双休；享受国家公共假期。;3.实习期满3个月以上时间，可提供实习证明和实习礼物，表现者可提供转正机会。;;
51,"职责：
1，协助数据分析师完成对业务数据需求的支持，搭建可以准确反映业务运营状况的数据指标体系
2，日常数据监控，及时发现业务异常，快速定位问题，产出分析结论
3，能够深入了解业务、挖掘业务问题和痛点，通过数据分析为业务决策、产品方向、运营策略提供数据支持
要求：
1，数学、统计学、计算机等相关专业本科及以上学历，有过数据分析相关实习经历优先考虑
2，至少熟练掌握HIVE、SQL、EXCEL等工具，可使用spss、python等工具建模的优先考虑
3，逻辑清晰、主动进取、较强的沟通能力，善于团队合作，主动思考
4，一周能到岗4天以上，能够尽快入职为佳;"
55,数据分析专员? 可解决北京户口;加入我们的理由：;1.工作氛围和谐、愉快;与您共事的都是一群富有朝气的八零、九零后，与帅哥美女一起工作，保证你一天好心情。加入我们，体现自身价值，比同龄人收获更多（成长+收入）。;2.不以学历论能力;不论你是大专、本科还是硕士，我们一视同仁，不看文凭写的是什么，只看你是否能胜任岗位工作，能力比学历更重要。;3.杜绝“office politics”;我们没有等级森严的行政级别，这里只有明确每个人的职责。我们坚决摒弃所谓的“办公室政治”，我们希望营造一个开放、透明的工作环境。在这里，你付出一份汗水得到一份收获。;4.和“绿色”一起工作;以蓝色为主的办公区是我们一大特色，办公环境明亮、洁净、优雅，仿佛置身于童话世界。加入我们，会送您一盆植物，共见证彼此的成长！在这该死的雾霾天，也为您的健康带来一份关爱！;5.就近分配，让您有更多的自主权！;地铁要涨价？上班成本要增加？不用担心！我们可以根据您的住处分配到就近的办公地点。办公地点都是经过精心选址：不是紧靠学区房，就是处于商业圈，让您上下班更便利。;6.福利多多，这里处处有惊喜;只要您在工位上等待，我们亲爱的行政姐姐就会免费为大家供应新鲜的水果和美味的果汁。逢年过节，更是礼品多多。全体员工一起为您送来生日祝福，不想吃便当的同志可以带饭来上班，公司免费提供微波炉加热，另赠送冰箱来保鲜您的零食！堵车上班迟到了怎么办？公司每月会允许您迟到一次（15分钟）。情绪低落影响工作效率怎么办？我们每月为您提供三个小时来发泄！;7.丰富多彩的团建活动;我们曾在乌兰布统的草原上策马奔腾，也曾在全世界孤独的图书馆边看海，世界这么大，不想和我们一起去看看？;如果你希望有一份有前途，又乐趣横生的稳定职业，那么快快加入我们吧！;;我们都有哪些工作内容呢？;1、 负责各个部门数据分析，深入业务领域，通过数据分析支持并驱动组织发展和业务目标的达成；;2、 负责对接各个部门，深入了解每个模块的工作流程和管理要求，支持各模块的运营分析，帮助各部门做决策支持；;3、与各部门负责人结对，对组织和业务问题进行深入研究，促进组织变革与业务发展。;;在这里我们需要这样的伙伴：;1、较强的数据分析和业务洞察能力，能够通过数据对组织进行诊断，并发现管理问题；;2、良好的沟通和协作能力，能够快速响应并准确把握分析需求，有能力把业务和组织挑战拆解为对应的分析课题并协助实施落地。;;工作地点：北京市海淀区中关村南三街六号中科资源大厦裙楼四层;
56,"工作内容：
1. 推进业务运营部门日常的数据需求
2. 跟进项目进度，推进项目进展，保证完成质量；?
3. 协助部门进行数据分析、商业产品调研;4. 了解和学习产品，协助部门负责人做好客户需求反馈等相关工作;;任职要求：;1. 逻辑思维敏捷，具有敏锐的问题发现能力，具备一定的数据分析能力;2.熟练使用R，excel，python等数据分析工具;3.执行力强、踏实勤奋、细心好学;4.可实习时间长优先考虑
5. 985/211，数学好"
57,【新嘉资本PE山东济南分公司招募2020秋季长期实习生】;;工作内容：;;岗位要求：;0. 统招本科以上，经济、金融、计算机等专业，或与项目相关的化工专业（须有基础金融知识）。有会计、法律、投行、PE/VC实习经验的优先。CPA、CFA已通过科目者优先。;1. 形象良好，言行举止从容大方，不怯场，能独当一面。;2. 每周实习四天以上，至少实习两个月，能接受加班。;3. 熟悉Word、Excel，工作仔细，能一次做好，不需要领导反复检查。;4. 会使用Python（pandas、爬虫）或其他语言如R、SQL的申请人优先。;;工作地点：山东省济南市历下区黄金时代广场;工作时间：工作日上午9点至下午5点;;备注：
58,1.?负责各类数据的汇总、整理、分析处理工作，及时向相关人员汇报数据信息；;2. 根据项目需求进行数据处理分析；;3. 负责日常数据报表的统计和制作。;任职资格：;1.工作作经验不限，优先考虑统计学、数学与数学应用等相关专业；;2.熟练运用Excel办公软件，有数据分析软件和地理信息实际运用者优先考虑；;3.具有较强的逻辑思维能力，数据敏感性高；;4.工作态度严谨，做事认真负责，有耐心，善于沟通和语言表达。
59,"岗位职责：;1、协助同事分析报告数据的收集整理，并出具经营分析报告。;2、负责数据质量不断改善并对项目进行跟进。;3、定期数据报告分享。;4、领导交代的其他相关工作。;任职条件：


		?1、大学本科及以上在校学生，计算机、统计学专业优先；


		?2、具备良好的沟通表达能力以及学习能力；


		?3、具备良好的ppt制作和excel使用能力。


		?4、积极主动、有事业心、责任感强，具有良好的职业操守。;任职条件：;1、大学本科及以上在校学生，计算机、统计学专业优先；;2、具备良好的沟通表达能力以及学习能力；;3、具备良好的ppt制作和excel使用能力。;4、积极主动、有事业心、责任感强，具有良好的职业操守。"
60,;工作职责：;1、负责数据模型的设计和前端报表开发;2、负责研究并引入新的数据产品;3、实现用户日常的ad-hoc数据需求;;任职资格：;1、2021年毕业，985/211全日制在读研究生，在校期间学习成绩优良;2、统计、数学、大数据、管理学等相关专业背景计算机相关专业;3、数学及逻辑能力较强，具有较强的学习能力、沟通能力和团队合作精神；;4、实习时间至少保证6个月，每周至少保证3天以上;;
62,"主要职责：
1、完成GIS相关数据的搜集、整理；
2、参与房地产相关数据分析工作。

任职要求：
1、地理信息系统或其他gis相关专业优先，熟练掌握gis软件；
2、工作日可出勤3天或以上，有留用机会。"
63,此岗位长期有效。;;主要职责：;协助全职人员进行环境数据的收集、整理和分析（主要包括排污监测等）;;任职要求：;1.对公益事业有较强的认同感;2.理工科专业，环境、生态、城市规划等相关专业优先考虑;3.有基本的数据统计、分析知识，较强的学习能力;4.对工作有责任感，愿意持续思考研究与改进;5.熟悉Excel以及SQL将优先考虑;6.每周到岗工作3-5个工作日，实习三个月及以上，满42个工作日;;你将收获：;・??一些非常有趣的研究课题;・??一份有挑战性且有意义的工作;・??一个环境优美的办公环境;・??一份机构出具的实习证明;・??一群有社会责任感的环保小伙伴;・??一些意想不到的小惊喜~~;・??一段美好的实习经历……;;;关于绿网：;;广州绿网环境保护服务中心是登记成立于2015年3月的公益机构，我们致力于为公众提供有效的环境信息服务，通过公众参与来防治污染，保护环境和公众健康。;・??绿网通过搭建有效的环境数据库，使公众拥有开放准确的环境信息渠道；;・??绿网通过开发友好的环境应用，让公众轻松的使用各类环境数据；;・??绿网通过科学开展环境数据分析，用大数据的价值为公众健康护航；;・??绿网通过构建畅通的公众参与渠道，让公众便捷的参与环境保护；;・??绿网基于环境数据开展政策研究，推动环境公共政策的完善和进步；;・??绿网以推动水、大气、固体废弃物等污染物的减排，保障环境、社会与经济的可持续发展。;
65,6、领导及各部门数据需求等临时专项等工作。;
66,岗位吸引力：;1. 可开具实习证明文件；;2. 教育界世界知名企业；;3. 表现好长期工作有涨薪机制；;4. 不限专业，工作时间有弹性。;;工作职责：;1.?根据数据需求进行相关数据采集、清理和核对；;2. 配合进行数据分析等相关工作；;3. 数据分析师安排的其他工作。;;岗位要求：;1. 一周工作至少2天；;2. 细心，有耐心；;3. 对数据敏感，善于通过网络获取数据；;4. 熟练使用Excel；;5. 英语阅读能力好尤佳。
67,4、协助核心数据仓库建设;
68,"岗位职责：
1、规划PC&移动端产品统计方案，针对数据监控需求设计埋点需求并完成埋点的校验；
2、完成业务部门提出的数据需求；
3、有产品sense，对产品部分功能点进行分析，规定时间内完成数据分析报告。;任职要求：
1、专业要求：计算机、统计、数学、数据挖掘等相关专业，2021/2022届本科及以上在校生?，重点院校优先；
2、能够熟练使用SQL完成基本的取数/统计，熟练hive的更佳；
3、熟练掌握EXCEL，包含但不限于公式、数据透视表等工具的使用；
4、自我驱动力强，有责任心，沟通能力强，积极向上；
5、一周至少实习4天，全勤最佳；至少实习3个月。实习时间充足者优先考虑；大四保研或者研一同学优先考虑。"
70,"一、工作职责：;1、针对大规模非结构化数据，进行数据清洗，特征挖掘，统计分析，表示学习;二、任职要求：;1、计算机，数学相关专业硕士及以上学历;2、有数据挖掘，机器学习，优化理论等相关基础， 熟悉基本算法;3、精通python, SQL;4、有一定的互联网商业数据分析经验， 了解常用的数据分析方法;5、有过实际的相关大数据项目优先，互联网公司研发经验者优先;"
72,职责描述：;1、? 构建新零售小程序数据指标体系，根据业务需求，输出小程序数据分析报告；;2、? 实时监控运营数据异常，汇总、分析、定位问题，协助相应人员解决并优化；;3、? 与业务侧产品、运营人员良好沟通，引导其按照流程规范上报问题；;4、? 协助完成部门其他项目的辅助工作。;;任职要求：;1、? 本科以上学历，计算机、统计学等专业优先；;2、? 能熟练使用Excel透视表与函数进行分析，熟练掌握SQL的优先考虑；;3、? 对数据敏感，有强烈的责任心，做事耐心、细致严谨，具有吃苦耐劳以达成工作目标的毅力和决心；;4、? 每周出勤至少4天，实习至少3个月以上。
73,"［岗位职责］;1、梳理大屏会员数据信息，分析数据异动原因，发现问题并提出相关运营建议；?


		2、系统分析平台会员运营状态，提供产品优化、内容运营的优化方向；?


		3、围绕活跃度、消费力核心维度，参与分析分层用户转化效率与客单价，参与用户分层提效的策略制定。?




［任职要求］;1、梳理大屏会员数据信息，分析数据异动原因，发现问题并提出相关运营建议；;2、系统分析平台会员运营状态，提供产品优化、内容运营的优化方向；;3、围绕活跃度、消费力核心维度，参与分析分层用户转化效率与客单价，参与用户分层提效的策略制定。;;1、有较强的商业与产品sense，能熟练使用SQL，Excel对数据处理分析、可视化呈现；?


		2、逻辑清晰，充满好奇心，具备用分析带来变化的自我驱动。;1、有较强的商业与产品sense，能熟练使用SQL，Excel对数据处理分析、可视化呈现；;2、逻辑清晰，充满好奇心，具备用分析带来变化的自我驱动。"
74,岗位职责：;1.数据统计：周报、月报、常规性报表统计;2.数据分析：节目收视分析报告、运营分析报告;;岗位要求：;1.工作认真负责;2.有一定基础（学过sql课程）;3.熟练掌握EXCEL，对EXCEL基本操作、函数、图表处理等能熟练掌握；;;你将获得全国500强互联网公司的实习证明+专业导师协助进行量身定制的职业规划和修改简历，助你拿到理想的offer
75,【职位描述】;1、通过常见的算法，揭示数据背后的真相，指导业务发展;2、通过分析，找出业绩提升的钥匙，提升公司业绩;3、通过分析，找出我们的增长爆点，赋能业务团队;;;
76,"Responsibilities:;1) To create data driven monthly report for Installed Base;2) IntelliMax data regarding
SW connections;3) Analysis of cases grouped
by modules to include defects & severity;;;Requirements
(skills/experiences/Qualifications:;1) Major in Computer
Science, Engineering, or related field of study;2)?Familiar with Excel, Powerpoint;3) Programming skill is
plus;;Personal
Qualities:;1) Problem-solving skills;2) Careful and detailed;3) Quick learning;"
78,";岗位职责：


1、跟进业务部门数据需求，监控数据，分析数据异常并提出合理建议


2、协助调研行业及竞品动态


3、协助公司CRM及工作协同流程的优化


岗位要求


1、能熟练运用SQL、Python、Excel等数据处理工具


2、细心，细心


3、有财务工作经验优先;岗位要求;1、能熟练运用SQL、Python、Excel等数据处理工具;3、有财务工作经验优先"
80,岗位职责：;;1.从事汽车相关行业的市场研究与咨询服务；;2.协助进行定量数据清洗建模分析，撰写数据报告；;3.协助经理完成其他事务性工作。;任职要求：;1.2021届毕业生，统计学、数学、计算机、管理学相关专业本科及以上学历，硕士优先；;2.善于学习，认真负责，有一定的沟通表达能力；;3.可熟练使用office、SPSS等相关数据分析软件；;4.时间稳定，一周到岗四天及以上，实习期三个月及以上;5.可开实习证明，表现优秀者提供转正机会。
81,岗位职责：;1、充分理解数据标注的背景和标准，掌握数据打标辅助工具的使用，较为精确地完成以社交媒体红人为主的数据标注；;2、做好自我管理及时间分配，保证数据标注的效率和质量；;3、定期总结标注经验，完善数据标注标准；;4、能保质保量地完成临时安排的其他数据相关任务。;;职位要求：;2021届全日制专科及以上学历，熟悉excel;有较好的信息检索能力和基于信息进行综合判断的能力;具备良好的沟通能力和逻辑思维能力，自律、细心、有责任心;有社交媒体/广告营销相关工作经验的优先
83,工作内容：;;1、对数据报表的收集整理分析，做一个汇总；;2、协助管理部门、对常规管理行为跟进、落实；;3、负责部门会议会议记录；;4、完成部门主管交由的其他临时任务。;;岗位要求：;;1、熟练操作Excel、PPT等办公软件；;2、具有较强的学习能力、沟通能力、抗压能力；;3、良好的沟通能力、表达能力及写作能力；;4、有责任心和团队合作精神，工作细心严谨。;
84,岗位职责：;1、负责项目数据整理和分析支持;project data collection and analysis.;;;;任职要求：;1、数据分析或数学相关专业，对数据挖掘有一定的理论基础;2、熟练运用excel;3、本科或以上学历;4.? 细致仔细，有责任心。
85,岗位职责：;? 在项目经理的指导下，完成数据收集与清理、数据库维护等工作；;? 协助进行模型搭建、测试和验证等工作，并依据算法和模型结论对业务问题的解决方案提供建议；;? 协助进行数据分析，撰写研究报告和交付文档。;任职要求：;? 统计、金融、保险精算、数学等专业者为佳，优先考虑；;? 熟悉R/PYTHON 中的任何一种；;? 熟练掌握EXCEL、PPT、WORD等办公软件;? 熟悉常用的数据算法和数据建模方法；;? 强好奇心，善于自主学习和解决问题，逻辑清晰思维严谨、洞察力敏锐，对技术热忱并愿意不断通过研 究学习提升自己；;? 一周实习3天以上，9:30-18:30，中间午休一小时；;? 实习期连续2个月及以上。
86,岗位：数据分析实习生;所属部门：市场营销部;岗位职责：;1、协助数据分析岗完成相关的数据分析工作：;2、协助日常数据录入与管理；;应聘要求：;1.大学本科或硕士研究生在读，金融、经济、统计、IT等相关专业；;2.近期能到岗，实习时间二个月及以上；;3.能够使用WORD、EXCEL、PPT等办公软件；
87,工作职责】;1、完成上级日常吩咐的工作事务;2、学习跟踪宏观经济发展动态，研究国际金融业的发展趋势及走向;3、参与交易团队计划及策略的制定，精准的交易指令，进行交易风险监控;4、利用公司提供的资源和技术培训，提高自身能力，为公司创造更多价值;5、完成上级分配的每日工作任务及工作计划;【任职资格】;1、本科以上学历优先，有管理能力者/应届毕业生/有行业经验者优先;2、敢想，敢做，有野心挑战高薪的你欢迎加入;3、热爱互联网金融，对金融行业未来前景有清晰的认识，并愿意扎根下去;4、公司提供全方位培训，提供无限晋升发展舞台;5、良好的工作态度、良好的团队协作能力，能承受一定的工作压力;【薪酬待遇】;1、一经录用，公司将提供全套完善的金融专业知识及技能培训，并提供畅通公平的晋升空间；;2、上班时间：周一至周五，早上9：30-12:00下午13:30-17：30；周末双休；享受国家公共假期。;职业前景：每名雇员都会得到重视，通过不断的学习和努力，每个人都将拥有广阔的职业发展空间。;个人与职业道德：我们希望所有雇员都要遵守高度的个人与职业道德。;工作环境：舒适的办公环境，良好的工作氛围，互帮互助的学习热潮，公司有冰箱，微波炉，方便我们的同仁。;职位培训：的导师，资深的专业人士，定期提供给您多种技术培训，助您自我提高实战投资技能。;薪酬福利：具有业界竞争力的薪酬和各种福利。员工可直接派往各分公司担任高管，负责分公司全面工作，工作优异的员工或管理人员将会享有派往华尔街总部学习进修的机会。;晋升机制：我们提供规范的员工晋升机制，以及人才选拔和培养机制。
89,"岗位职责：
1.配合部门KPI方向，基于业务理解输出周期性、专项数据分析报告及建议，为业务决策、产品方向、运营策略提供决策支撑
2.沉淀分析思路与框架，提炼转化为数据产品，提升决策效率
3.设计搭建准确反映业务运作健康状况的数据分析报表体系
4.关键数据日常监控及分析，提前预警产品或运营问题;岗位要求：
1.数据分析等相关专业，本科或以上学历；可以实习半年以上，每周出勤时间3天以上；
2.良好的数据敏感度、逻辑思维和分析能力，善于从数据中提炼总结问题并输出建议
3.良好的行业敏感度，对直播行业有一定关注及了解，有互联网从业经验者优先
4.良好的数据处理能力，熟练操作Excel、PPT等，掌握SQL相关数据提取工具，熟练R,?SPSS，SAS等分析工具中任一项者优先
5.具备良好的抗压能力、沟通能力和团队精神"
91,"【职位描述】;1.?????
解读并探索类目广告及流量数据，监控电脑数码广告流量健康度，并通过数据探索新的机会点；;2.?????
学习广告数据产品逻辑并内部普及，部分常规指标数据报表化呈现梳理；;3.?????
对京东大数据平台下需要数据建模的广告产品根据业务需求进行落地。;;【职位要求】;;;;;;;;;;;【岗位tips】;资深大拿带路、激情富有创新力的团队氛围、深入接触一线电商广告运营"
92,"工作职责
1、帮助游戏业务的各个环节（研发、运营、发行）提供决策需要的数据分析支持
2、从数据角度出发寻找和发掘数据中的价值;任职要求
1、思维清晰，逻辑严谨，对数字敏感，善于从数据中发现问题
2、985、211学校背景，良好的数学，统计基础
3、熟练使用EXCEL,SQL,Python,R等常用数据分析工具和语言
4、熟悉常用统计分析，统计学习模型；熟悉常用数据可视化的工具
5、喜欢玩游戏，理解游戏的业务逻辑
6、有商业数据分析的经验，手游行业更佳"
93,岗位职责：;1.负责合同文档整理；;2.协助整理合同、回款、清欠等数据分析、整理、辅助决策；;3.支持领导交代的其他工作。;任职资格：;1.本科以上学历;2.经济学、企业管理等专业优先考虑;3.细心、认真
95,"Main
Responsibilities:;1) ? ? Undertake
daily visibility and optimization checks for all system data by engineering
role
2)????
Undertake
regular optimization of data input and output of engineering view
3)????
Manage
relevant engineering data with tools on data statistics and analyze
4)????
Deliver
regular reporting to engineering team from PLM system, to be timely, accurate,
literate and insightful
5)????
Create
case studies and award entries based on data statistics and analyze result as
appropriate;;;;;"
98,"岗位职责：
协助部门行业数据相关的收集，整理，清洗检验和分析，并更新相应报告，参与专题性数据项目的开展。;;任职资格：;1.? 全日制硕士学历，计算机/统计/数学/金融相关专业，者可放宽至本科学历；;2.? 较强的数据搜集、处理和分析能力和较强的文字表达能力；;3.? 熟练掌握WIND、EXCEL等常用工作软件，会使用SQL/R/Python更佳；"
99,"【岗位职责】;1.媒介数据及资源的收集，整理和分析；;2.整理撰写结案报告，跟踪每个campaign的数据，优化相关数据；;3.协助部门完成日常任务及项目沟通、执行工作； 更新工作日报；;;【任职要求】;1.本科在校学生或在读研究生,专业不限；;2.对数据处理敏感，工作认真细心负责，能够承受一定的工作压力；;3.对媒介行业感兴趣，有热忱；;4.熟悉电脑操作和Office办公软件操作，如Excel,PPT,Word 等；;5.课程安排较轻松，每周可出勤4-5个工作日，可长期实习者优先考虑；;;【你将获得】;1.国际4A广告公司实习经验;2.非常nice的Leader带你入行，体验外企工作氛围,PPT,Word 等；;5.课程安排较轻松，每周可出勤4-5个工作日，可长期实习者优先考虑"
100,"支持网易新闻客户端数据分析相关工作, 包括：;1. 跟踪业务部门业务发展，承接接业务部门数据需求；;2. 监控业务指标体系的变化；;3. 用数据分析手段进行业务洞察，提供业务改进建议；;4. 根据业务需要，提供运营日/周/月报，并针对特定主题提供专题分析报告；;;1、本科或硕士以上学历，计算机/数学/统计或相关专业;2、每周至少保证4天工作时间，能够连续工作至少4个月;3、对数据类工作有较大兴趣;4、掌握数据分析工具和技术优先，比如SQL、R、SPSS、Excel、SAS等；;5、掌握机器学习算法和统计学方法优先。;6、良好的沟通表达能力、团队协作能力，对工作有热情，能承受一定的工作压力;;"
101,"【地点】杭州;【时长】每周4天以上，连续实习5个月以上;【薪资】150-250元／日;;【岗位职责】
	

		1.数据分析小帮手：协助项目组小伙伴进行需求调研，提供数据分析支持；
	

		2.客户服务小专家：与多角色密切沟通，协助解决客户的数据问题；
	

		3.项目管理小达人：跟踪项目的目标、进度、风险，收集并跟进解决项目实施过程中的各类问题；
	

		4.资料沉淀小管家：依照项目管理流程跟进及确认项目各阶段的按时交付，负责项目资料的整理与存档。
	




		【职位要求】
	

		1.我们希望你来自信管、计算机、统计、数据分析、数学及相关专业，本科及以上学历；
	

		2.掌握Excel、SQL，熟悉Python/R 等数据分析工具，对数据具备敏感度；?
	

		3.善沟通、爱学习，细心负责、执行力强，对实现数据的商业价值有极大的热情～
	




		【加分项】
	

		1.有数据分析项目经验优先；?
	

		2.了解商业智能（BI）相关知识优先；
	

		3.了解Tableau工具优先。;【岗位职责】;1.数据分析小帮手：协助项目组小伙伴进行需求调研，提供数据分析支持；;2.客户服务小专家：与多角色密切沟通，协助解决客户的数据问题；;3.项目管理小达人：跟踪项目的目标、进度、风险，收集并跟进解决项目实施过程中的各类问题；;4.资料沉淀小管家：依照项目管理流程跟进及确认项目各阶段的按时交付，负责项目资料的整理与存档。;;【职位要求】;1.我们希望你来自信管、计算机、统计、数据分析、数学及相关专业，本科及以上学历；;2.掌握Excel、SQL，熟悉Python/R 等数据分析工具，对数据具备敏感度；;3.善沟通、爱学习，细心负责、执行力强，对实现数据的商业价值有极大的热情～;;【加分项】;1.有数据分析项目经验优先；;2.了解商业智能（BI）相关知识优先；;3.了解Tableau工具优先。"
102,5、熟练使用SQL、Excel，熟悉R或Python分析工具；;6、2022届毕业生优先。
103,工作职责：;1、辅助完成用户数据整理工作 ；;2、对用户数据进行洞察分析，产出具有一定深度洞察的分析报告。;3、制作常规的数据报告 ；;4、完成领导交代的其他工作；;任职资格：;1、计算机、统计学、数学、市场营销等相关专业本科及以上学历；;2、良好的数据敏感度与逻辑分析能力，热爱数据分析工作；;3、良好的沟通能力、团队精神；;4、能够熟练使用办公软件；
104,";岗位职责：


		1. 根据项目工作需要组织相关会议，并完成相关纪要


		2. 分项目进行数据统计、分析，并制作成相关报告


		3. 根据项目工作需要与供应商进行工作对接，以确保项目进度


		4. 负责处理其他项目过程中出现的工作事项





		任职要求：


		1. 本科后一年或研究生在读，信息、统计、营销相关专业背景优先


		2. 具有的逻辑思维能力和反应速度，能够快速理解业务问题，抓住问题重点


		3.?具备的语言组织能力、行文能力与沟通能力，熟练掌握office，尤其是PPT


		4. 需保证可实习3个月以上，中途不得无故离岗;岗位职责：;1. 根据项目工作需要组织相关会议，并完成相关纪要;2. 分项目进行数据统计、分析，并制作成相关报告;3. 根据项目工作需要与供应商进行工作对接，以确保项目进度;4. 负责处理其他项目过程中出现的工作事项;;任职要求：;1. 本科后一年或研究生在读，信息、统计、营销相关专业背景优先;2. 具有的逻辑思维能力和反应速度，能够快速理解业务问题，抓住问题重点;3.?具备的语言组织能力、行文能力与沟通能力，熟练掌握office，尤其是PPT;4. 需保证可实习3个月以上，中途不得无故离岗"
105,"你将获得：;1、薪酬：研究生150元/天，餐补300元/月；
2、工作时间：周一至周五9:00-18:00（周末双休）；
3、签订正式实习合同，实习结束后提供实习证明；
4、丰富多彩的员工活动，如运动会、员工生日会、户外拓展活动、年度旅游、公司统一员工体检、生日PARTY、员工表彰活动等；
5、福利待遇：享开门利是、餐补。;;岗位职责：;1.?搜集整理维护竞品价格、促销相关的信息，并做简单的分析；;2.?协助价格促销平台搭建及维护；;3.?跟进小型项目日常进展；;4.?价格、促销等数据的维护及分析。;;任职要求：;1.?本科以上，对数字敏感，严谨专注，认真细心，能抗压，态度端正；;2.?具备基本的数据统计分析技能，熟练使用Excel作图、函数等，具备其他数据分析技能优先；;3.?做事有计划性，遇到问题能积极主动想办法解决；;4．每周实习4天以上，实习期3个月以上。"
106,主要职责;??????? 负责城市、交通、环境、房地产相关的时空数据挖掘和分析；;??????? 参与统计、机器学习及深度学习算法模型开发；;??????? 参与基于公众大数据的用户画像、产品增长分析与城市体检。;;职位要求;???????? 数据科学、统计学、城市规划、地理信息科学等相关专业；;???????? 熟练掌握Python、熟悉Pandas、Scikit-learn等主流分析模块；;???????? 熟练掌握如MapboxGL、Leaflet、Echarts等主流WebGIS和数据可视化工具；;???????? 具有自然语言处理、图像识别等项目经验者优先；;???????? 具有较强的学习能力和意愿，善于创新、思维活跃、具备良好的团队合作精神；;???????? 具有较强的英文读写能力者优先。;
107,"【岗位职责】：;1、运用excel整理、分析客户数据；;2、部门领导交代的其他事务性工作。;;【任职资格】：;1、统招本科及以上学历，21年及以后毕业；
2、效率高，理解能力好，沟通能力强，能快速理解需求，服务意识强；
3、能够熟练运用excel等软件，进行基础数据的处理分析；
4、每周能实习5天，实习3个月及以上且可以尽快入职者优先考虑。"
108,"岗位职责：;1） 通过大数据平台提取分析所需的数据&semi;2） 协助日常销售管理工作，包括销售、运营、经营等日常数据搜集与分析&semi;3） 承接业务需求，通过专业性的分析，挖掘潜在问题，输出结果分析报告。;任职要求：;1） 工作认真细心，每周实习不低于四天，可实习时间不低于三个月&semi;2） 具备数据清洗、数据处理的能力，熟悉EXCEL基本函数、数据透视表，熟悉Python基本套件numpy、pandas等&semi;3） 具备基础数据分析能力&semi;4） 本科及以上学历。;你将获得：
	

		一份的实习经历及实习证明


		超nice的工作环境


		公司食堂精制员工餐


		班车接送;;你将获得：;一份的实习经历及实习证明;超nice的工作环境;公司食堂精制员工餐;班车接送"
109,【岗位职责】;
110,"数据分析实习生(小桔养车/养车维保事业部/业务增长部)
【岗位职责】;;1、定价系统相关系数维护;2、新车型定价毛利率及竞争系数分析;3、定价项目报告制作;4、分品类分车型销售毛利表现跟踪;5、价格调整影响测算;6、团队其他项目数据支持;;【岗位要求】;1、每周至少出勤4天，实习期4-6个月，甚至更长，优先考虑实习时间长的同学;2、熟悉SQL语言，会使用Python等数据库;3、有价格分析项目经验优先;4、有汽车售后工作经验优先"
111,数据分析实习生（基础平台部/数据治理部/数据BP）;【岗位职责】;;1、参与滴滴核心业务网约车安全业务的数据建设，亲历数据驱动、保护司乘每一程;2、参与网约车数据仓库建设;3、参与网约车指标体系、分析框架的落地;4、参与网约车数据可视化的工作;【岗位要求】;1、本科及以上学历，计算机科学、统计学、信息科学等专业与实习工作内容匹配度更高;2、由于疫情原因，需要本人在北京的同学;3、可以连续实习3个月以上，每周可以实习至少4天;4、了解大数据基本理论，可以使用SQL，了解Python;5、了解可视化产品，如tableau、Power BI等
112,【岗位职责】;1.针对两轮车现有数据情况，针对不同业务场景，进行数据分析；;2.理解数据模型逻辑，及时跟进并解决数据问题；;3.与公司内、外部人员建立良好沟通，了解实际情况所在，确定情况;【任职要求】;1 研究生一年级或本科三、四年级在读；;2.具备一定的数据分析能力，熟练掌握python，Excel，sql等数据分析软件；有项目分析、编程经验者优先；
113,"职位描述：
1、基于数据、调研、公司产品与竞品的理解，解决直播相关的各种复杂商业分析问题，能独立完成从方案设计、数据加工与分析，到结论展示的整个流程；?
2、基于不同业务场景，支持业务团队完成数据分析需求；
3、其他数据分析的相关工作;;任职要求：?
1、本科及以上学历，每周可实习4天以上，持续3个月以上，应用数学、统计学等相关专业优先；
2、良好的沟通表达能力，学习能力，具备数据敏感度，能够快速理解业务；
3、熟练使用SQL、Excel；会使用Python或R进行数据分析、挖掘、建模者优先；
4、有参与开源项目对社区有贡献的经历，有互联网公司实习经历，有大数据处理或用户行为数据分析经验者优先。"
116,"Responsibilities：
1. 支持数据分析工作并协助建立相关的数据分析模型；
2. 协助整理、提炼已有的数据分析报告、并撰写新报告；
3. 参与用户画像标签体系的建设与优化。;Required Skills：
1. 本科及以上学历，统计学、数学、信息与计算科学、计算机等相关专业优先；
2. 熟悉Excel、SQL语句，能够较熟练地使用python、R、SPSS等统计分析软件中的至少一种；
3. 有数据挖掘或BI实习经验优先；
4. 具有良好的逻辑思维、沟通表达和理解能力，能够很好得与他人合作；
6. 能连续实习3个月及以上，每周工作日至少出勤4天，面试后尽快到岗优先。"
117,急招数据分析实习生，有联邦学习知识的同学优先！一周面试+到岗，base深圳。;1. 负责网络爬虫和数据采集系统的开发和维护。;2. 负责目标数据分析，清洗，数据质量控制。;3. 参与多个数据项目算法设计。;;【任职要求】;1. 技术扎实，必须本科计算机系或相关以上，熟悉Linux系统、多线程等网络通信编程相关知识。;2. 擅长python，熟悉html、js、regex、xpath、pandas等，从结构化和非结构化数据中解析数据。;3. 熟悉Mysql、MongoDB、Redis、Nosql等数据库(任意一种或以上)。;4. 有github开源项目，在校期间参加过竞赛，自主学习能力强，对各种新技术有热情，有领导潜力会优先考虑。;5. 跟我们业务/行业有相关经验者加分，如中文自然语言处理 (NLP)/机器学习/金融。;6. 团队国际化，必须有足够英语沟通能力 (如看懂公司网站描述)。
118,"Main
Responsibilities:;1) ? ? Undertake
daily visibility and optimization checks for all system data by engineering
role
2)????
Undertake
regular optimization of data input and output of engineering view
3)????
Manage
relevant engineering data with tools on data statistics and analyze
4)????
Deliver
regular reporting to engineering team from PLM system, to be timely, accurate,
literate and insightful
5)????
Create
case studies and award entries based on data statistics and analyze result as
appropriate;;;;;"
119,实习内容：;1、负责业务运营数据收集、分析与报表制作；;2、通过数据分析提供相关业务建议，并跟进执行结果，进行及时调整；;3、参与其他业务运营工作。;;任职要求：;1、有数据分析相关专业的学习背景，2021年毕业生优先；;2、熟练使用excel，初步掌握SQL；;3、每周能到岗4天及以上；;4、有数据敏感度，踏实细心；;5、学习能力强，渴望在互联网行业发展。;;;百姓人有什么不同……;每一个百姓人都在进化型组织中成长成就;-我们理解使命对一个组织和个体的重要性，并鼓励每一个个体探索使命、践行使命;-我们坚信组织是一群“成年人”共同的游戏，成年人敢提要求，勇于承担，并且中正坦诚;-我们主张每一个伙伴都要hold住自己的角色，同时也为大家提供“斜杠”的舞台，在百姓看到HR写代码请别惊讶;-我们认可真诚和开放的力量，在这里每个伙伴都可以卸下面具，基于真心表达，基于尊重倾听，为了共同的目标不惧冲突;-我们拥抱多元的个人和群体，我们的使命是促进社会的繁荣与多样;
120,1、完成对业务关键指标的监控及异常波动等分析工作&semi;2、根据业务需求，对数据进行提取、整合、分析，为产品及决策提供数据分析支持&semi;3、跟进业务线项目的数据分析工作，独立完成上线前后的数据分析、效果评估等分析报告&semi;4、支持常规的统计需求。;[任职资格];1、数学、统计、计算机相关专业为优&semi;2、熟练使用SQL (必备)，掌握tableau等数据分析工具&semi;3、对数据足够敏感，善于抓住有价值的点，做多维度的数据分析&semi;4、善于学习，每周最少工作4天，实习时间在4个月以上&semi;5、2021年及以后毕业。
121,;（一）工作内容：;1、股票、期货等投资数据的收集、整理；;2、辅助交易策略的编写、分析和评估，可行性分析；;3、认真、保质保量的完成领导安排的其他任务。;;（二）职位要求：;1、一本及以上学历，成绩优异，金融、数学、统计、计算机及其他相关专业优先，逻辑思维能力较强；;2、对财务，交易，期货，股票，外汇等金融基础知识有了解的优先；;3、踏实，有责任心，有强烈的自我驱动力和学习的意愿，愿意在金融数据分析领域追求长期事业发展；;4、英语四级及以上，会编程的优先；;5、能实习6个月及以上，每周五天。(不能达到6个月勿投，谢谢！）;;;;来我们这里工作，你能得到什么？;（一）接触和见识到国内少有的的高性能的交易平台，了解投资管理公司的运作；;（二）与一流投资专家和技术大牛一起工作的机会；;（三）专人带领，学习成长快人一步；;（四）舒适的办公环境，免费零食饮料提供。;;快加入我们吧！让您感受到量化投资的魅力！;;公司地址：重庆市渝北区黄山大道中段55号麒麟D座402室（地铁6号线光电园站3A出口左转前行即到）;
122,"【地点】杭州;【时长】每周4天以上，连续实习5个月以上;【薪资】150-250元／日;;【岗位职责】
	

		1.数据分析小帮手：协助项目组小伙伴进行需求调研，提供数据分析支持；
	

		2.客户服务小专家：与多角色密切沟通，协助解决客户的数据问题；
	

		3.项目管理小达人：跟踪项目的目标、进度、风险，收集并跟进解决项目实施过程中的各类问题；
	

		4.资料沉淀小管家：依照项目管理流程跟进及确认项目各阶段的按时交付，负责项目资料的整理与存档。
	




		【职位要求】
	

		1.我们希望你来自信管、计算机、统计、数据分析、数学及相关专业，本科及以上学历；
	

		2.掌握Excel、SQL，熟悉Python/R 等数据分析工具，对数据具备敏感度；?
	

		3.善沟通、爱学习，细心负责、执行力强，对实现数据的商业价值有极大的热情～
	




		【加分项】
	

		1.有数据分析项目经验优先；?
	

		2.了解商业智能（BI）相关知识优先；
	

		3.了解Tableau工具优先。;【岗位职责】;1.数据分析小帮手：协助项目组小伙伴进行需求调研，提供数据分析支持；;2.客户服务小专家：与多角色密切沟通，协助解决客户的数据问题；;3.项目管理小达人：跟踪项目的目标、进度、风险，收集并跟进解决项目实施过程中的各类问题；;4.资料沉淀小管家：依照项目管理流程跟进及确认项目各阶段的按时交付，负责项目资料的整理与存档。;;【职位要求】;1.我们希望你来自信管、计算机、统计、数据分析、数学及相关专业，本科及以上学历；;2.掌握Excel、SQL，熟悉Python/R 等数据分析工具，对数据具备敏感度；;3.善沟通、爱学习，细心负责、执行力强，对实现数据的商业价值有极大的热情～;;【加分项】;1.有数据分析项目经验优先；;2.了解商业智能（BI）相关知识优先；;3.了解Tableau工具优先。"
124,岗位职责：;1.负责病理组织图像的拍摄和数据分析；;2. 利用公司提供的专业软件对病理图像进行算法识别和定量分析；;3. 按项目要求对数据结果进行统计分析；;任职要求：;1..本科及其以上学历；;2.时间：稳定优先，每周保证工作4天以上，实习期三个月以上为佳，优秀者提前入职，入职待遇优厚；;3.有生物信息学、生物统计学、图像分析等相关专业背景，或者有R语言、Python等语言基础者优先考虑；;4. 具有良好的逻辑分析能力、优秀的创新能力和应用型研究的能力；;5.熟练使用常用的数据分析软件。;;实习津贴：150/天（本科），180/天（硕士）;;
125,"我们希望你：
1、看的够多
知识面丰富，对数据、广告行业的相关信息感兴趣
2、懂得表达
具有良好的沟通能力及理解能力，能够较为精确地和团队表达自己的创意思路
3、适应性强
情商高，三观正，有态度也得有温度，欢迎温暖阳光、亲和力强的伙伴融入团队
4、活儿好能干
工作细致认真，有责任心，做事积极，主动性强
5、拒绝玻璃心
需要有一定的抗压能力，以及充分的新媒体行业或策划创意行业的热爱
6、我爱工作！
有开创精神，喜欢由个人能力和工作淼某删透校有职业抱负;;岗位职责：;1 协助数据分析师完成数据分析工作；;2 整理和收集数据信息，确保数据文档齐全，符合要求；;3 完成日常数据分析师安排的数据清洗工作；;;岗位资格;1.????
本科或硕士以上学历，计算机、统计、数学相关学历，;2.????
扎实的数理统计理论知识，如描述性统计，推断性统计，多元统计分析等经验（优先）;3.????
具备较强的逻辑思维，及较好的沟通及语言表达能力，能够较为精确地和团队表达自己的创意思路;4.????
具备较高的抗压能力、试错能力和正面心态;5.????
有英文能力者优先，有较强的的团队精神，沟通能力，工作细致认真;6.;我们提供的工具-自主研发数据挖掘产品：;基于分布式存储/计算的大数据挖掘平台，集成前沿的机器学习主流算法。可视化数据挖掘及算法实现过程，简易上手，高效运行，无需懂代码，也能完成数据挖掘和建模。;;未来和你一起工作的团队：;产品研发及数据团队，来自宇宙中心五道口职业技工学校贵系的技术大牛数据大牛算法大牛，带你跑数带你飞！;业务运营团队搞定过好奇, NIKE, 麦当劳, 乐高, 德芙, 百事, LEVI’s, 益达... (此处省略200来号品牌), 等你用数据带着我们飞！"
127,"【岗位职责】：;1、运用excel整理、分析客户数据；;2、部门领导交代的其他事务性工作。;;【任职资格】：;1、统招本科及以上学历，21年及以后毕业；
2、效率高，理解能力好，沟通能力强，能快速理解需求，服务意识强；
3、能够熟练运用excel等软件，进行基础数据的处理分析；
4、每周能实习5天，实习3个月及以上且可以尽快入职者优先考虑。"
128,"岗位职责：;1） 通过大数据平台提取分析所需的数据&semi;2） 协助日常销售管理工作，包括销售、运营、经营等日常数据搜集与分析&semi;3） 承接业务需求，通过专业性的分析，挖掘潜在问题，输出结果分析报告。;任职要求：;1） 工作认真细心，每周实习不低于四天，可实习时间不低于三个月&semi;2） 具备数据清洗、数据处理的能力，熟悉EXCEL基本函数、数据透视表，熟悉Python基本套件numpy、pandas等&semi;3） 具备基础数据分析能力&semi;4） 本科及以上学历。;你将获得：
	

		一份的实习经历及实习证明


		超nice的工作环境


		公司食堂精制员工餐


		班车接送;;你将获得：;一份的实习经历及实习证明;超nice的工作环境;公司食堂精制员工餐;班车接送"
129,"数据分析实习生(小桔养车/养车维保事业部/业务增长部)
【岗位职责】;;1、定价系统相关系数维护;2、新车型定价毛利率及竞争系数分析;3、定价项目报告制作;4、分品类分车型销售毛利表现跟踪;5、价格调整影响测算;6、团队其他项目数据支持;;【岗位要求】;1、每周至少出勤4天，实习期4-6个月，甚至更长，优先考虑实习时间长的同学;2、熟悉SQL语言，会使用Python等数据库;3、有价格分析项目经验优先;4、有汽车售后工作经验优先"
130,数据分析实习生（基础平台部/数据治理部/数据BP）;【岗位职责】;;1、参与滴滴核心业务网约车安全业务的数据建设，亲历数据驱动、保护司乘每一程;2、参与网约车数据仓库建设;3、参与网约车指标体系、分析框架的落地;4、参与网约车数据可视化的工作;【岗位要求】;1、本科及以上学历，计算机科学、统计学、信息科学等专业与实习工作内容匹配度更高;2、由于疫情原因，需要本人在北京的同学;3、可以连续实习3个月以上，每周可以实习至少4天;4、了解大数据基本理论，可以使用SQL，了解Python;5、了解可视化产品，如tableau、Power BI等
131,【岗位职责】;1.针对两轮车现有数据情况，针对不同业务场景，进行数据分析；;2.理解数据模型逻辑，及时跟进并解决数据问题；;3.与公司内、外部人员建立良好沟通，了解实际情况所在，确定情况;【任职要求】;1 研究生一年级或本科三、四年级在读；;2.具备一定的数据分析能力，熟练掌握python，Excel，sql等数据分析软件；有项目分析、编程经验者优先；
135,"Responsibilities：
1. 支持数据分析工作并协助建立相关的数据分析模型；
2. 协助整理、提炼已有的数据分析报告、并撰写新报告；
3. 参与用户画像标签体系的建设与优化。;Required Skills：
1. 本科及以上学历，统计学、数学、信息与计算科学、计算机等相关专业优先；
2. 熟悉Excel、SQL语句，能够较熟练地使用python、R、SPSS等统计分析软件中的至少一种；
3. 有数据挖掘或BI实习经验优先；
4. 具有良好的逻辑思维、沟通表达和理解能力，能够很好得与他人合作；
6. 能连续实习3个月及以上，每周工作日至少出勤4天，面试后尽快到岗优先。"
137,急招数据分析实习生，有联邦学习知识的同学优先！一周面试+到岗，base深圳。;1. 负责网络爬虫和数据采集系统的开发和维护。;2. 负责目标数据分析，清洗，数据质量控制。;3. 参与多个数据项目算法设计。;;【任职要求】;1. 技术扎实，必须本科计算机系或相关以上，熟悉Linux系统、多线程等网络通信编程相关知识。;2. 擅长python，熟悉html、js、regex、xpath、pandas等，从结构化和非结构化数据中解析数据。;3. 熟悉Mysql、MongoDB、Redis、Nosql等数据库(任意一种或以上)。;4. 有github开源项目，在校期间参加过竞赛，自主学习能力强，对各种新技术有热情，有领导潜力会优先考虑。;5. 跟我们业务/行业有相关经验者加分，如中文自然语言处理 (NLP)/机器学习/金融。;6. 团队国际化，必须有足够英语沟通能力 (如看懂公司网站描述)。
138,实习内容：;1、负责业务运营数据收集、分析与报表制作；;2、通过数据分析提供相关业务建议，并跟进执行结果，进行及时调整；;3、参与其他业务运营工作。;;任职要求：;1、有数据分析相关专业的学习背景，2021年毕业生优先；;2、熟练使用excel，初步掌握SQL；;3、每周能到岗4天及以上；;4、有数据敏感度，踏实细心；;5、学习能力强，渴望在互联网行业发展。;;;百姓人有什么不同……;每一个百姓人都在进化型组织中成长成就;-我们理解使命对一个组织和个体的重要性，并鼓励每一个个体探索使命、践行使命;-我们坚信组织是一群“成年人”共同的游戏，成年人敢提要求，勇于承担，并且中正坦诚;-我们主张每一个伙伴都要hold住自己的角色，同时也为大家提供“斜杠”的舞台，在百姓看到HR写代码请别惊讶;-我们认可真诚和开放的力量，在这里每个伙伴都可以卸下面具，基于真心表达，基于尊重倾听，为了共同的目标不惧冲突;-我们拥抱多元的个人和群体，我们的使命是促进社会的繁荣与多样;
140,";【4A广告 IPG
Mediabrands 盟博广告招数据分析实习生】;坐标：上海市徐汇区淮海中路1045号淮海国际（地铁1号线或10号线陕西南路站）;对象：大三/研一/研二，一周能提供三天以上实习时间，能实习三个月以上优先;福利：国际4A的实习经历，高大上的工作环境，提供水果下午茶，午休两小时，公司氛围很棒;;;;;;盟博广告隶属于IPG广告集团，在广告创新，技术和理念上一直处于领先水平。现在我们有一个”受众洞察―数据分析支持”的实习生职位虚位以待。 受众分析主要是帮助客户找到具价值的目标消费群体，洞察他们的行为等。这是目前进行精准广告以及电商的一个必要过程，也是营销分析的一个热点。;;;;职位职能：;;为不同行业的客户 进行包括销售，品牌，消费者，搜索，社交，广告等多数据源/多数据维度的数据查询与初步分析;;;;基本技能要求：;;在大学的专业与―数学专业或统计学或计算机或流行病等有关 学习过一些计算机分析语言 比如python/R 或者其他分析工具或语言;;;;其他要求：;;有清晰地逻辑思维能力，具有团队合作精神，保留有一颗好奇心，人踏实肯干。;;;;"
141,岗位职责：;1.负责病理组织图像的拍摄和数据分析；;2. 利用公司提供的专业软件对病理图像进行算法识别和定量分析；;3. 按项目要求对数据结果进行统计分析；;任职要求：;1..本科及其以上学历；;2.时间：稳定优先，每周保证工作4天以上，实习期三个月以上为佳，优秀者提前入职，入职待遇优厚；;3.有生物信息学、生物统计学、图像分析等相关专业背景，或者有R语言、Python等语言基础者优先考虑；;4. 具有良好的逻辑分析能力、优秀的创新能力和应用型研究的能力；;5.熟练使用常用的数据分析软件。;;实习津贴：150/天（本科），180/天（硕士）;;
142,岗位职责：;1、研发大数据课程产品，包括讲义、练习题、案例、PPT和速查表等;2、跟踪国内外大数据博文等教育资料，并将其融入到“数据嗨客”教育产品中;3、配合大数据讲师完成相关教学资料的研发工作;任职要求：;1、数学、统计、计算机及相关专业大三或者硕一以上在校生;2、拥有扎实的数理功底，熟悉机器学习基本模型，如线性回归、逻辑回归、SVM、AdaBoost、神经网络、随机森林等;3、编程能力强，精通Python，熟悉numpy、matplotlib、pandas、sklearn等;4、沟通能力强，思维活跃，经常有新奇的点子;5、做事大胆且细致，做人真诚且友善;6、具有较强的自我学习能力，能够快速学习新的知识;7、熟悉Latex、markdown语法优先，期待转正优先考虑。;
143,"我们希望你：
1、看的够多
知识面丰富，对数据、广告行业的相关信息感兴趣
2、懂得表达
具有良好的沟通能力及理解能力，能够较为精确地和团队表达自己的创意思路
3、适应性强
情商高，三观正，有态度也得有温度，欢迎温暖阳光、亲和力强的伙伴融入团队
4、活儿好能干
工作细致认真，有责任心，做事积极，主动性强
5、拒绝玻璃心
需要有一定的抗压能力，以及充分的新媒体行业或策划创意行业的热爱
6、我爱工作！
有开创精神，喜欢由个人能力和工作淼某删透校有职业抱负;;岗位职责：;1 协助数据分析师完成数据分析工作；;2 整理和收集数据信息，确保数据文档齐全，符合要求；;3 完成日常数据分析师安排的数据清洗工作；;;岗位资格;1.????
本科或硕士以上学历，计算机、统计、数学相关学历，;2.????
扎实的数理统计理论知识，如描述性统计，推断性统计，多元统计分析等经验（优先）;3.????
具备较强的逻辑思维，及较好的沟通及语言表达能力，能够较为精确地和团队表达自己的创意思路;4.????
具备较高的抗压能力、试错能力和正面心态;5.????
有英文能力者优先，有较强的的团队精神，沟通能力，工作细致认真;6.;我们提供的工具-自主研发数据挖掘产品：;基于分布式存储/计算的大数据挖掘平台，集成前沿的机器学习主流算法。可视化数据挖掘及算法实现过程，简易上手，高效运行，无需懂代码，也能完成数据挖掘和建模。;;未来和你一起工作的团队：;产品研发及数据团队，来自宇宙中心五道口职业技工学校贵系的技术大牛数据大牛算法大牛，带你跑数带你飞！;业务运营团队搞定过好奇, NIKE, 麦当劳, 乐高, 德芙, 百事, LEVI’s, 益达... (此处省略200来号品牌), 等你用数据带着我们飞！"
145,* 协助做相关的数据录入、统计、分析、汇总工作；占比70%%。;* 市场样品的分类、收发、快递；;* 市场仓库的整理、归类；;* 其他日常事务性工作。;;要求：;* 大专以上学历，专业不限，计算机相关专业优先；;* 一周可出勤3天以上，希望全勤；;* Excel必须熟练。数据透视表等。;* 逻辑清楚，沟通能力强；办公软件使用熟练；;;工作时间：周一到周五9：00-18：00（中午休息一个小时）;工作周期：2-3个月;日薪：184/天;工作地点：上海市静安区天目西路128号企业中心***座22楼（地铁1/12/13#汉中路下10分钟，3/4#上海火车站下走路15分钟）
146,一、????????? 岗位描述;1、研究网络协议。;2、根据业务需求，协助进行移动互联网数据采集及应用层协议分析。;3、根据业务需求，辅助开发和软件测试人员开展工作。;;二、????????? 岗位要求;1、计算机、信息处理、通信等相关专业的学生，有项目经验者优先，财经专业请勿投递；;2、对IP/TCP/HTTP等基础协议有比较全面的了解；;3、对使用Wireshark或Fiddler等协议分析和抓包感兴趣 ；;4、能使用C/C++、Java、Python中的一门开发语言者优先；;5、有工作经验的大四或研究生优先 ；;6、有机器学习，人工智能应用经验或对其有兴趣者优先；;7、有较强的自学能力和主动性，思维灵活，具备良好的沟通能力和团队合作精神。;;三、 ? ? ? ?? 你将获得;1、舒适的办公环境;2、行业专家指导和培训;3、核心团队扩招中，毕业实习结束提供转正机会;;
147,【岗位描述】;1、负责日常数据需求提取及分析，为产品运营提供日常数据支持；;2、对核心数据进行监控及分析，定期完成周报、月报等数据报告工作；;3、分析相关产品功能及A\B测试效果数据，输出数据分析报告&semi;4、协助相关数据平台的建设及维护工作。;;【任职要求】;1、认真负责，细心耐心，良好的沟通能力和学习能力，一定的抗压能力；;2、熟练使用excel、SQL等数据统计工具；;3、计算机、统计学、数学等相关专业；;4、逻辑性强、良好的数据敏感度，学习能力。
148,"岗位职责：;1） 通过大数据平台提取分析所需的数据&semi;2） 协助日常销售管理工作，包括销售、运营、经营等日常数据搜集与分析&semi;3） 承接业务需求，通过专业性的分析，挖掘潜在问题，输出结果分析报告。;任职要求：;1） 工作认真细心，每周实习不低于四天，可实习时间不低于三个月&semi;2） 具备数据清洗、数据处理的能力，熟悉EXCEL基本函数、数据透视表，熟悉Python基本套件numpy、pandas等&semi;3） 具备基础数据分析能力&semi;4） 本科及以上学历。;你将获得：
	

		一份的实习经历及实习证明


		超nice的工作环境


		公司食堂精制员工餐


		班车接送;;你将获得：;一份的实习经历及实习证明;超nice的工作环境;公司食堂精制员工餐;班车接送"
151,";岗位职责:
1、协助分析师搭建数据报表系统，对全业务关键指标进行设计、提炼；
2、监控数据指标，及时发现异常，能够迅速定位问题并推动业务改进；
3、与产品、运营团队配合，为业务决策和发展提供数据支撑。

任职要求：
1、统招本科及以上学历，每周能实习4-5天，至少实习半年以上；
2、熟练使用SQL、Excel，熟悉Python、R是加分项；;3、熟悉统计学、概率论、机器学习等各种定量方法者优先；
4、沟通能力好，逻辑思维能力好，做事认真细心，对数据敏感，对结果负责；;5、了解二次元，有短视频，直播等相关业务场景有兴趣者优先。;6、有相关互联网公司实习经验者优先。;;"
152,工作职责;1.对业务进行数据需求支持，开展数据分析工作；;2.参与搭建和优化数据分析体系，包括商户、用户、平台报表体系；;3.参与专项分析项目，输出业务预警，预测模型，用于指导业务策略。;职位要求;1.全日制本科及以上学历，统计、数学等相关专业优先，理工科优先，每周出勤最少4天，实习至少3个月以上；;2.熟练使用Excel、SQL等数据分析工具；;3.工作态度认真负责，学习能力强，抗压能力强；;4.对数据敏感，可以从数据中发现问题，提出优化建议。
153,"工作职责：
1，协助数据分析师完成对业务数据需求的支持，搭建可以准确反映业务运营状况的数据指标体系；
2，日常数据监控，及时发现业务异常，快速定位问题，产出分析结论；
3，能够深入了解业务、挖掘业务问题和痛点，通过数据分析为业务决策、产品方向、运营策略提供数据支持
岗位要求：。
1，数学、统计学、计算机等相关专业本科及以上学历，有过数据分析相关实习经历优先考虑；
2，至少熟练掌握HIVE、SQL、EXCEL等工具，可使用spss、python等工具建模的优先考虑；
3，逻辑清晰、主动进取、较强的沟通能力，善于团队合作，主动思考；
4，一周能到岗4天以上，能够尽快入职为佳。;"
156,岗位职责：;1.负责企业客户部数据分析，为部门提供数据支持；;2.优化部门业务流程，提升效率，并制作相应文档；;3.部门领导指派的其他各项工作。;任职要求：;1.本科及以上学历，专业不限；;2.熟练使用办公软件（PPT、EXCEL）；;3.学习能力强，积极发挥主观能动性，做事仔细认真，有责任心。
157,实习内容：;1、负责业务运营数据收集、分析与报表制作；;2、通过数据分析提供相关业务建议，并跟进执行结果，进行及时调整；;3、参与其他业务运营工作。;;任职要求：;1、有数据分析相关专业的学习背景，2021年毕业生优先；;2、熟练使用excel，初步掌握SQL；;3、每周能到岗4天及以上；;4、有数据敏感度，踏实细心；;5、学习能力强，渴望在互联网行业发展。;;;百姓人有什么不同……;每一个百姓人都在进化型组织中成长成就;-我们理解使命对一个组织和个体的重要性，并鼓励每一个个体探索使命、践行使命;-我们坚信组织是一群“成年人”共同的游戏，成年人敢提要求，勇于承担，并且中正坦诚;-我们主张每一个伙伴都要hold住自己的角色，同时也为大家提供“斜杠”的舞台，在百姓看到HR写代码请别惊讶;-我们认可真诚和开放的力量，在这里每个伙伴都可以卸下面具，基于真心表达，基于尊重倾听，为了共同的目标不惧冲突;-我们拥抱多元的个人和群体，我们的使命是促进社会的繁荣与多样;
158,岗位职责：;1、协助分析师完成项目分析，独立完成部分数据分析工作；;2、协助分析师做数据报表规划和开发，完善和优化原有报表，管理报表权限；;3、数据异常分析&处理；;4、支持业务部门的临时数据需求；;;任职要求：;1、本科及以上学历，数学、计算机相关专业优先；;2、有一定的SQL能力，熟练使用Excel，能做简单的数据查询和数据处理；;3、有BI报表开发经验者优先，比如tableau、永洪、qlikview；;4、积极主动，乐于学习业务知识。
160,"请在投递前认真查看JD;;;数据分析师实习生岗位：;;职位描述：;・??????
Data tracking and analyzing;・??????
Routine report or ad hoc数据的整理以及其他相关项目的辅助工作;・??????
使用阿里系数据银行&策略中心，或京东系九数，进行人群画像及圈包等相关工作
（会提供相应的技能培训）;;岗位要求：;・??????
本科/研究生；统计学/数学/经济/市场营销/信息管理等相关专业;・??????
对数据敏感，逻辑性强，学习能力强，沟通能力强;・??????
擅长Python, 熟练使用PPT以及Excel，会统计模型优先考虑;・??????
英文工作系统环境，需要的英文读写能力;・??????
每周3-5天，可立刻入职，持续3个月以上;;表现好的同学有留用转正机会;"
161,"1. 可开具实习证明文件；


2. 教育界世界知名企业；


3. 表现好长期工作有涨薪机制；


4. 不限专业，工作时间有弹性； ?
		

			5. 表现优异者有留用机会。
		




工作职责：


1.?根据数据需求进行相关数据采集、清理和核对；


2. 配合进行数据分析等相关工作；


3. 数据分析师安排的其他工作。





岗位要求：


1. 一周工作至少2天；


2. 细心，有耐心；


3. 对数据敏感，善于通过网络获取数据；


4. 熟练使用Excel；


5. 英语阅读能力好尤佳。;1. 可开具实习证明文件；;2. 教育界世界知名企业；;3. 表现好长期工作有涨薪机制；;4. 不限专业，工作时间有弹性；;5. 表现优异者有留用机会。;;工作职责：;1.?根据数据需求进行相关数据采集、清理和核对；;2. 配合进行数据分析等相关工作；;3. 数据分析师安排的其他工作。;;岗位要求：;1. 一周工作至少2天；;2. 细心，有耐心；;3. 对数据敏感，善于通过网络获取数据；;4. 熟练使用Excel；;5. 英语阅读能力好尤佳。"
162,岗位职责：;1、研发大数据课程产品，包括讲义、练习题、案例、PPT和速查表等;2、跟踪国内外大数据博文等教育资料，并将其融入到“数据嗨客”教育产品中;3、配合大数据讲师完成相关教学资料的研发工作;任职要求：;1、数学、统计、计算机及相关专业大三或者硕一以上在校生;2、拥有扎实的数理功底，熟悉机器学习基本模型，如线性回归、逻辑回归、SVM、AdaBoost、神经网络、随机森林等;3、编程能力强，精通Python，熟悉numpy、matplotlib、pandas、sklearn等;4、沟通能力强，思维活跃，经常有新奇的点子;5、做事大胆且细致，做人真诚且友善;6、具有较强的自我学习能力，能够快速学习新的知识;7、熟悉Latex、markdown语法优先，期待转正优先考虑。;
164,* 协助做相关的数据录入、统计、分析、汇总工作；占比70%%。;* 市场样品的分类、收发、快递；;* 市场仓库的整理、归类；;* 其他日常事务性工作。;;要求：;* 大专以上学历，专业不限，计算机相关专业优先；;* 一周可出勤3天以上，希望全勤；;* Excel必须熟练。数据透视表等。;* 逻辑清楚，沟通能力强；办公软件使用熟练；;;工作时间：周一到周五9：00-18：00（中午休息一个小时）;工作周期：2-3个月;日薪：184/天;工作地点：上海市静安区天目西路128号企业中心***座22楼（地铁1/12/13#汉中路下10分钟，3/4#上海火车站下走路15分钟）
165,一、????????? 岗位描述;1、研究网络协议。;2、根据业务需求，协助进行移动互联网数据采集及应用层协议分析。;3、根据业务需求，辅助开发和软件测试人员开展工作。;;二、????????? 岗位要求;1、计算机、信息处理、通信等相关专业的学生，有项目经验者优先，财经专业请勿投递；;2、对IP/TCP/HTTP等基础协议有比较全面的了解；;3、对使用Wireshark或Fiddler等协议分析和抓包感兴趣 ；;4、能使用C/C++、Java、Python中的一门开发语言者优先；;5、有工作经验的大四或研究生优先 ；;6、有机器学习，人工智能应用经验或对其有兴趣者优先；;7、有较强的自学能力和主动性，思维灵活，具备良好的沟通能力和团队合作精神。;;三、 ? ? ? ?? 你将获得;1、舒适的办公环境;2、行业专家指导和培训;3、核心团队扩招中，毕业实习结束提供转正机会;;
166,;;1、负责信息的采集、数据标注，图像标注，文本标注等；;2、对数据进行简单统计、分析，出现问题能够及时解决；;3、做事认真、踏实、稳定，无特殊技能要求；;;职位要求：;1、本科学历及以上，计算机相关专业，学信网可查；;2、接受应届毕业生、、实习生；;3、计算机基本操作熟练；;4、具备一定数据分析和逻辑思维能力；;5、服从上级的工作安排。;;;;;;
168,【岗位描述】;1、负责日常数据需求提取及分析，为产品运营提供日常数据支持；;2、对核心数据进行监控及分析，定期完成周报、月报等数据报告工作；;3、分析相关产品功能及A\B测试效果数据，输出数据分析报告&semi;4、协助相关数据平台的建设及维护工作。;;【任职要求】;1、认真负责，细心耐心，良好的沟通能力和学习能力，一定的抗压能力；;2、熟练使用excel、SQL等数据统计工具；;3、计算机、统计学、数学等相关专业；;4、逻辑性强、良好的数据敏感度，学习能力。
169,"岗位职责：
1、负责与其他部门沟通，梳理总结业务需求，并转化成相关数据指标；
2、通过数据监控与分析产品功能、业务动作上线的效果，能够及时发现数据问题；
4、协助数据产品相关数据埋点以及数据指标体系搭建、数据验证；
5、协助数据操作台、数据报表等数据产品的建设；
6、为其他部门提供必要的数据支持，把控数据质量。

任职资格?：
1、全日制本科及以上学历，统计学、计算机、数学等专业优先，能够每周实习4天以上，至少实习3个月以上者优先；
2、拥有数据产品、数据分析的实习经历者优先；?
3、熟练使用?SQL?和Excel函数，有R/Python使用经验优先；;4、对互联网行业有热情，有较强的沟通能力和学习能力，对待工作认真细心，责任感强。"
171,4、一周至少工作4天，要求至少实习6个月;5、欢迎大三大四学子投递，表现优秀毕业生可转正！
172,工作职责;1.对业务进行数据需求支持，开展数据分析工作；;2.参与搭建和优化数据分析体系，包括商户、用户、平台报表体系；;3.参与专项分析项目，输出业务预警，预测模型，用于指导业务策略。;职位要求;1.全日制本科及以上学历，统计、数学等相关专业优先，理工科优先，每周出勤最少4天，实习至少3个月以上；;2.熟练使用Excel、SQL等数据分析工具；;3.工作态度认真负责，学习能力强，抗压能力强；;4.对数据敏感，可以从数据中发现问题，提出优化建议。
173,"工作职责：
1，协助数据分析师完成对业务数据需求的支持，搭建可以准确反映业务运营状况的数据指标体系；
2，日常数据监控，及时发现业务异常，快速定位问题，产出分析结论；
3，能够深入了解业务、挖掘业务问题和痛点，通过数据分析为业务决策、产品方向、运营策略提供数据支持
岗位要求：。
1，数学、统计学、计算机等相关专业本科及以上学历，有过数据分析相关实习经历优先考虑；
2，至少熟练掌握HIVE、SQL、EXCEL等工具，可使用spss、python等工具建模的优先考虑；
3，逻辑清晰、主动进取、较强的沟通能力，善于团队合作，主动思考；
4，一周能到岗4天以上，能够尽快入职为佳。;"
175,岗位职责：;1.数据统计：周报、月报、常规性报表统计;2.数据分析：节目收视分析报告、运营分析报告;3.数据管理：数据平台巡检;;岗位要求：;1.数据工作相对繁琐，需具备耐心、细心等特性，工作认真负责；;2.具备良好逻辑思维能力和一定文字功底；;3.熟练掌握EXCEL，对EXCEL基本操作、函数、图表处理等能熟练掌握；;你将享受舒适的办公环境+丰富的午餐+免费的咖啡、奶茶、牛奶喝到不停;不仅如此！;你将获得全国500强互联网公司的实习证明+超级的团队导师指导+各种节日抽奖福利
176,工作职责;1、负责梳理与清洗业务线数据底表?；;2、负责常规数据提取及报表开发和日常报表输出；;3、协助参与部分日常数据分析工作，如KPI拆解、活动效果评估、注册到完单转化效果不佳原因探究等。;;任职资格;1、在校生，大三大四在读或研究生在读；;2、统计、数学、计算机等相关专业，对物流和互联网行业有强烈兴趣；;3、对大数据有基础了解，能熟练运用Hive?SQL、Python及Office工具；;4、抗压能力强，责任心强，工作有激情，踏实认真，不错的沟通及文字/口头表达，善于团队协作；;5、实习周期3个月以上，每周5天，能全勤者优先考虑。
177,岗位职责：;1.负责企业客户部数据分析，为部门提供数据支持；;2.优化部门业务流程，提升效率，并制作相应文档；;3.部门领导指派的其他各项工作。;任职要求：;1.本科及以上学历，专业不限；;2.熟练使用办公软件（PPT、EXCEL）；;3.学习能力强，积极发挥主观能动性，做事仔细认真，有责任心。
178,岗位职责：;1、协助分析师完成项目分析，独立完成部分数据分析工作；;2、协助分析师做数据报表规划和开发，完善和优化原有报表，管理报表权限；;3、数据异常分析&处理；;4、支持业务部门的临时数据需求；;;任职要求：;1、本科及以上学历，数学、计算机相关专业优先；;2、有一定的SQL能力，熟练使用Excel，能做简单的数据查询和数据处理；;3、有BI报表开发经验者优先，比如tableau、永洪、qlikview；;4、积极主动，乐于学习业务知识。
179,"请在投递前认真查看JD;;;数据分析师实习生岗位：;;职位描述：;・??????
Data tracking and analyzing;・??????
Routine report or ad hoc数据的整理以及其他相关项目的辅助工作;・??????
使用阿里系数据银行&策略中心，或京东系九数，进行人群画像及圈包等相关工作
（会提供相应的技能培训）;;岗位要求：;・??????
本科/研究生；统计学/数学/经济/市场营销/信息管理等相关专业;・??????
对数据敏感，逻辑性强，学习能力强，沟通能力强;・??????
擅长Python, 熟练使用PPT以及Excel，会统计模型优先考虑;・??????
英文工作系统环境，需要的英文读写能力;・??????
每周3-5天，可立刻入职，持续3个月以上;;表现好的同学有留用转正机会;"
180,职位描述：;1、负责整理游戏基础数据报表、监控日常数据表现，及时发现数据异常并协助定位原因；;2、负责日常数据提取需求，确保数据准确；;3、协助负责游戏调优分析，包括活跃、流失、商业化、玩法参与情况等数据整理，发现问题并给出优化建议；;4、协助负责进行数据埋点的整理、以及数据报表的规划和沉淀，输出统一的规范性文档。;能力要求：;1、计算机科学、信息科学、统计学相关专业，有一定的SQL数据库语言能力；;2、熟练使用excel、word等基础办公文档；;3、热爱游戏，游戏体验丰富，熟悉市面上成功的游戏产品；;4、工作态度认真负责，具有主动学习能力，抗压和执行推动能力强，团队合作意识强。
181,1. 整理海外赛区战队资料、选手资料，协助对接相关人核对信息;2. 收集整理各赛事观赛数据;3. 其他海外赛区数据整理;4. 日志数据、渠道抓取数据整理统计;5. 各部门需求收集和用户调研;;;岗位要求：;1. 本科或硕士在读，计算机、数学、统计学相关专业优先;2. 熟悉英雄联盟，对英雄联盟和lpl职业联赛有深入理解，对电竞行业有浓厚兴趣;3. 良好的沟通能力和快速学习能力，心思细腻，做事认真负责;4. 优秀的英语能力加分
182,"1. 可开具实习证明文件；


2. 教育界世界知名企业；


3. 表现好长期工作有涨薪机制；


4. 不限专业，工作时间有弹性； ?
		

			5. 表现优异者有留用机会。
		




工作职责：


1.?根据数据需求进行相关数据采集、清理和核对；


2. 配合进行数据分析等相关工作；


3. 数据分析师安排的其他工作。





岗位要求：


1. 一周工作至少2天；


2. 细心，有耐心；


3. 对数据敏感，善于通过网络获取数据；


4. 熟练使用Excel；


5. 英语阅读能力好尤佳。;1. 可开具实习证明文件；;2. 教育界世界知名企业；;3. 表现好长期工作有涨薪机制；;4. 不限专业，工作时间有弹性；;5. 表现优异者有留用机会。;;工作职责：;1.?根据数据需求进行相关数据采集、清理和核对；;2. 配合进行数据分析等相关工作；;3. 数据分析师安排的其他工作。;;岗位要求：;1. 一周工作至少2天；;2. 细心，有耐心；;3. 对数据敏感，善于通过网络获取数据；;4. 熟练使用Excel；;5. 英语阅读能力好尤佳。"
184,;;1、负责信息的采集、数据标注，图像标注，文本标注等；;2、对数据进行简单统计、分析，出现问题能够及时解决；;3、做事认真、踏实、稳定，无特殊技能要求；;;职位要求：;1、本科学历及以上，计算机相关专业，学信网可查；;2、接受应届毕业生、、实习生；;3、计算机基本操作熟练；;4、具备一定数据分析和逻辑思维能力；;5、服从上级的工作安排。;;;;;;
185,"岗位职责：
1. 协助部门负责结构化与非结构化数据的清洗与预处理工作；
2. 通过数据积累和数据挖掘为产品和业务提供智能化的数据推荐能力；
3. 监控各方面运营数据，提供合理化建议与改进方案；
4. 协助完成相关业务模式的实验和探索，进行数据分析和模型预测，通过分析对比以往模型，总结和提炼业务改进方向&semi
5. 通过对公司上亿级机器人行为数据集分析及各行业实际业务数据分析，为公司提供科学化数据支持&semi 
任职要求： 
1. 计算机、数学、统计等相关专业，985/211高校或海外背景优先；
2.熟练掌握一种编程语言，如python，java等，熟悉数据库理论与常用SQL语句
3. 良好的沟通表达能力，跨团队协作能力； 
4.具有较强的规划、策略分析能力，思维清晰，条理性强；;5. 对数据敏感，具有优秀的数据分析能力和解读能力，对数据监控、风险预警、数据化运营具有独到的见解；;6. 为人踏实靠谱，工作有热情与主动性，对新技术有极高兴趣探索与实践;"
187,4、对数据有敏感性，能够对数据进行深入分析，撰写周报、月报等报告。;
189,"岗位职责：
1、负责与其他部门沟通，梳理总结业务需求，并转化成相关数据指标；
2、通过数据监控与分析产品功能、业务动作上线的效果，能够及时发现数据问题；
4、协助数据产品相关数据埋点以及数据指标体系搭建、数据验证；
5、协助数据操作台、数据报表等数据产品的建设；
6、为其他部门提供必要的数据支持，把控数据质量。

任职资格?：
1、全日制本科及以上学历，统计学、计算机、数学等专业优先，能够每周实习4天以上，至少实习3个月以上者优先；
2、拥有数据产品、数据分析的实习经历者优先；?
3、熟练使用?SQL?和Excel函数，有R/Python使用经验优先；;4、对互联网行业有热情，有较强的沟通能力和学习能力，对待工作认真细心，责任感强。"
190,"任职资格：3.协助研究员处理日常的数据;1.统招全日制本科及以上学历。
2.数学、统计、计算机、金融等相关专业；
3.具有熟练的数据分析解读经验，熟练使用MySQL，Hive，Excel等；
4.具有电商数据分析项目经历者优先。"
194,4、一周至少工作4天，要求至少实习6个月;5、欢迎大三大四学子投递，表现优秀毕业生可转正！
195,"岗位职责：
1、负责建筑行业造价类数据的分析、处理
2、使用python来挖掘建筑行业清单/定额类数据的统计特征，为模型训练和问题分析提供有效支撑
3、和业务线沟通数据中存在的问题，提出自己的有效见解和主张

任职资格：

1. 有数据分析和数据挖掘的思维
2. 有python编程基础，熟悉jupyter notebook使用
3. 关注细节，具有敏锐的洞察力
4. 沟通能力强，在数据分析的过程中积极与研发人员交流
5. 建筑行业土工工程专业者优先"
198,工作职责;1、负责梳理与清洗业务线数据底表?；;2、负责常规数据提取及报表开发和日常报表输出；;3、协助参与部分日常数据分析工作，如KPI拆解、活动效果评估、注册到完单转化效果不佳原因探究等。;;任职资格;1、在校生，大三大四在读或研究生在读；;2、统计、数学、计算机等相关专业，对物流和互联网行业有强烈兴趣；;3、对大数据有基础了解，能熟练运用Hive?SQL、Python及Office工具；;4、抗压能力强，责任心强，工作有激情，踏实认真，不错的沟通及文字/口头表达，善于团队协作；;5、实习周期3个月以上，每周5天，能全勤者优先考虑。
199,"岗位职责：;1、协助各业务数据分析工作；;2、协助完成用户行为、画像、客群、生命周期、流失等各项常规专题分析，支持业务部门日常工作，提升产品和业务价值；;;岗位要求：;1、本科及以上学历，统计学、计算机等专业优先；
2、对数据敏感，具备优秀的逻辑思维能力；
3、需具备高效的执行力、推动力；
4、抗压力强，具备较强的学习能力；"
200,岗位描述;;1.协助进行游戏产品的数据分析工作，驱动产品体验优化及营收增长；;2.监测运营状况仪表盘，分析游戏的运营状况并撰写可视化数据报告为运营决策提供足够的支持；;3.依据数据分析对游戏玩法及商业化内容提出有效建议，及时发现运营潜在问题，提出优化方案；;4.进行产品分析，拆解产品玩法与商业化底层结构，为产品设计优化提供支持;5.协助进行游戏BI系统的开发，设计新功能需求提案，促进系统的完善。;;岗位要求;;1.金融、经济、数学、统计学等专业，认真细心，有较强的逻辑能力&semi;2.较好的数据分析技能，熟练使用PPT 与 Excel，熟悉SQL语言，有一定案例分析研究基础&semi 能够使用R/Python/Matlab等相关统计数学软件加分;3.热爱游戏，对不同类型游戏均有一定认知&semi MMO/卡牌类重度玩家加分&semi;4.英语沟通和书面能力优秀者加分。
201,1. 整理海外赛区战队资料、选手资料，协助对接相关人核对信息;2. 收集整理各赛事观赛数据;3. 其他海外赛区数据整理;4. 日志数据、渠道抓取数据整理统计;5. 各部门需求收集和用户调研;;;岗位要求：;1. 本科或硕士在读，计算机、数学、统计学相关专业优先;2. 熟悉英雄联盟，对英雄联盟和lpl职业联赛有深入理解，对电竞行业有浓厚兴趣;3. 良好的沟通能力和快速学习能力，心思细腻，做事认真负责;4. 优秀的英语能力加分
203,"1、自动邮件日报开发及维护（需要sql），40%%
2、业务数据分析 40%%
3、BI平台产品优化 10%%
4、数据仓库表优化 10%%;任职资格：1、熟练使用Excel、SQL（硬性）、Python，具备统计学基础知识；沟通能力强、产品理解及设计能力强
2、每周工作5天，实习时间不少于4个月，2周内能入职优先
3、统招本科及以上，21年应届毕业，统计、数学、计算机专业优先"
204,一、岗位描述;【公司地处上海临港，请查询后投递简历】;1、用Python对数据进行清洗、筛选等常见的数据处理操作。;2、自然语言相关的数据处理。;二、岗位要求;1.?熟悉Python语言的编写。;2.?掌握数据分析相关库：Pandas、Numpy等 。;3.?熟悉常见的机器学习框架，如：Scikits-learn等。;4.?了解数据分析的主要流程优先。;5.?了解或者熟悉NLP相关领域的优先。;6.?了解或者使用过Spark进行数据处理或者机器学习的优先。;
205,岗位职责：;1、负责对产品运营的相关数据进行分析，完成从数据埋点、数据接入、验证、分析至数据可视化、专项数据分析报告输出的全套数据分析工作；;2、迭代优化固定数据分析产品，提高分析工作的时效性、准确性、稳定性、灵活性；;3、负责与产品、客户端、后台、测试沟通协调，并基于数据分析结果推动问题解决或游戏优化，持续关注后续数据表现及用户反馈等。;;任职要求：;1、统招专科及以上学历，统计、机器学习相关专业，经验不限，英文能力强者优先；;2、坚实的统计基础知识，能够灵活运用统计工具解决实际问题；;3、熟练掌握SQL，能够实现数据拉取整合等基础操作；熟练掌握R，能够实现数据整合、计算及结果展示&semi;4、良好的沟通表达能力，能够使用简单通俗的语言准确、快速传递分析结果；;5、缜密的逻辑思维，能够透过复杂的现象敏锐捕捉到事务的本质；;6、性格活泼开朗，态度积极向上，富有钻研精神。;;福利待遇：;该职位属于公司正式员工编制，一经录用将享有：;1、富有竞争力的薪酬水平和其他福利津贴；;2、健全的五险一金；;3、给予完善的绩效考核，年终奖金及定期调薪；;4、完善的培养体系和晋升机制；;5、带薪休假（年假，婚假，丧假，病假等）；;6、丰富的业余集体活动（拓展，旅游，聚餐，年会等）。
207,职位描述：;1、梳理业务逻辑，对业务数据进行分析和监控，数据驱动支持业务改进&semi;2、主要面向UGC业务、运营活动两大方向做数据分析&semi;3、辅助进行产品方案的改进。;职位要求：;1、要求能熟练使用SQL，本科及以上学历，计算机、统计、数学相关专业优先&semi 21、22届同学，或者20届保研出国同学。;2、加分项：熟练使用 Python/R，熟悉常用的数据统计和分析方法；;3、熟悉数据仓库 & Hive，了解数据仓库建模、数据可视化、数据分析与建模；;4、抗压能力强，沟通协调推动能力强，积极主动，肯思考，具有独当一面的能力。
209,"任职资格：3.协助研究员处理日常的数据;1.统招全日制本科及以上学历。
2.数学、统计、计算机、金融等相关专业；
3.具有熟练的数据分析解读经验，熟练使用MySQL，Hive，Excel等；
4.具有电商数据分析项目经历者优先。"
215,"（应届生）;岗位职责:;从事业务部门行业数据搜集、整理、分析，并依据数据给出行业研究、预测和评估报告。;1、2018年、2019年毕业；
2、统计学、运筹学、数学、计算科学等理工相关专业；
3、重点大学本科及以上学历；
4、对航空业务有钻研的兴趣和毅力。"
216,岗位职责：;1、配合业务需求，完成搜索推荐业务数据的整理、统计和分析；;2、协助整理和分析相关行业和研究数据；;3、理解搜索推荐业务，通过数据分析发现有效的杠杆，驱动业务优化、增长；;4、数据分析的同时更好的了解搜索推荐业务，完成搜索基础数据review工作；;;任职资格：;1、统计，数学，计算机等相关专业，2021届/2022届在校学生；;2、精通使用SQL、熟练使用EXCEL进行数据处理；;3、工作细心，积极主动，学习能力强，能快速响应分析需求；;4.、每周能有4天及以上在岗时间。
217,5.结合行业数据、业界观点和市场趋势，为长期业务发展方向提供战略层面的意见和建议。;
218,工作内容;1. 挖掘数据分析市场趋势、消费者需求、品牌媒体渠道表现等，为客户提供数字化营销策略;2. 利用Excel、SQL等软件进行数据分析，通过机器学习算法建模分析;3. 利用Tableau、PPT等软件进行数据可视化，制作分析报告;;工作要求;1. 全日制大学在校本科或研究生，统计/数学/计量/经济等相关专业优先;2. 沟通及学习能力强，有好奇心和求知欲，对数据敏感;3. 每周至少四天，prefer 6个月;;工作福利;1. 4A广告公司实习经历，团队服务的客户均为各行业头部品牌;2. Nice的上司和结果导向的团队，愿意带人，不定期内部培训，只要你想学，可以给你足够的学习机会，让你真实体验数据在商业中的应用;
219,工作描述：;1.?负责或参与前沿的金融科技技术（数据分析/数据挖掘/人工智能等）在证券行业的应用研究与开发工作，;2.?寻找证券业务中应用场景的赋能点；;3.?能够利用统计学习方法在证券金融数据中进行建模与应用开发；;4.?从具体场景和问题出发，参与算法系统或平台的研发工作。;;招聘需求：;1.?计算机、数学相关专业研究生及以上实习生或应届毕业生，扎实的统计学、线性代数等数据基础，了解基本数据结构与算法；;2.?熟悉Java/R/Python等编程语言；;3.?熟悉常用的统计学习方法或机器学习模型，较强的研究创新能力；;4.?具有良好的逻辑推理能力，强烈的学习能力，对技术创新充满热情，良好的协作性格，乐于挑战新事物。
222,岗位职责：;1、负责数据的分析、整理、清洗和审核；;2、其他安排事宜。;;任职要求：;1、英语良好；;2、计算机、信息安全等相关专业优先。
223,1、 使用BI工具，进行国资监管相关的BA+分析类功能开发；;2、 熟悉企业大数据产品部部门业务。
224,岗位职责：;1.?平台相关活动的策划、营销、推广等活动开展；;2.?平台的日常维护，咨询、投诉、售后服务、反馈等;3. 协助BD团队进行市场推广的运营支持工作；;4. 负责用户调研，督促商家按照平台规则完成交易环节；;5. 协助各区域完成跨部门的沟通。;发展方向：产品助理（产品框架、线路的搭建，产品架构的设计，产品体验度的统计和完善。。。）;;任职要求：;1.?大专以上学历，社团干部或学生干部优先;2. 有过中大型活动策划经验者优先；;3.?熟悉互联网，有相关的运营相关工作经验优先；;4.?工作责任心强、态度积极主动、能适应创业公司的工作环境和节奏；;5. 良好的沟通协调、谈判能力、有团队合作精神。
225,岗位职责：;1、跟踪公司各项战略孵化业务的发展动态，在现有指标的基础上分析梳理，融入对业务的理解，更新和迭代周报;2、参与新业务的专项分析，从数据角度为新业务的发展提供分析和优化建议，与项目组成员一起支持公司新业务战略制定与迭代;3、完成领导交代的其他工作;职责要求：;1、有过使用SQL的数据分析类实习经历，并熟悉数据库相关知识;2、本科以上学校的在读学生（能提供在读证明）;3、较强的逻辑分析、数据分析与快速的学习能力;4、能保证实习时间（一周到岗至少4天，可连续实习3个月）;5、口头沟通能力强、书面表达能力强;你将获得：;1、项目经历加持：足够宽的业务跨度，研究涉及短视频的各方面（公司/业务战略、产品、运营、增长等）;2、自身综合能力的高速提升：成长曲线陡峭，目标为遴选和培养团队正式员工，表现有转正机会;3、良好的团队氛围：可以直接与咨询行业（麦肯锡、波士顿咨询）、互联网行业经验丰富的前辈大牛们肩并肩共事，与来自清北复交、美国常青藤等名校的小伙伴共同学习成长;4、福利：自助三餐、下午茶、健身房、雪糕、聚餐等
226,;;玛氏箭牌糖果（中国）有限公司;;【招聘岗位】:?北京客户及渠道市场营销部门数据分析实习生;;【岗位描述】:;;【岗位要求】：;;【岗位待遇】：;;【应聘方式】：;1.简历及作品海选;2.笔试Case（Excel分析及数据处理）;3.电话面试;;
227,【岗位职责】;1. 基于底层用户行为日志，拉取业务核心数据，搭建业务核心数据源，并维护每日数据更新;2. 针对产品团队的分析需求或分析目标，自行基于底层数据与业务逻辑进行分析，或协助产品团队完成分析;3. 满足产品团队的其他数据提取/数据分析需求;;【任职要求】;1. 全日制硕士研究生在读;2. 暂无马上秋招的诉求，希望能较长时间实习，充分掌握业务逻辑和分析方法，有一定产出;3. 数学类（应用数学、应用统计、统计学、计算数学等）方向或计算机类方向（要求coding能力较好，具有一定分析能力）;4. 熟练掌握SQL（hive）、python、java等数据提取/分析/计算语言中的一种或多种，了解Scala spark是加分项;5. 全职实习（允许因课程需要的考试、答辩等请假）;;【你将获得】;1. 亿级DAU产品一线真实业务数据的实践机会;2. nice团队，丰富的业务场景、充沛的分析需求，保证让你闲不下来;3. 如果表现出色，将获得进一步深入产品业务逻辑的分析机会，与产品leader一同探索产品发展的新机会
228,"【职业职责】
辅助数据分析团队进行业务和数据的分析和推进
收集和梳理各部门数据化运营需求，建立报表，完成数据提取需求
监测和分析核心指标，为整体运营以及部门业务提出优化方案
与业务、运营、产品技术对接，协助团队数据及业务项目推进;【职业要求】
大三或研究生在读，能保证一周4-5天的实习时间。
逻辑清晰，学习能力强，沟通表达能力良好。未来有志愿加入互联网行业成为数据分析师。
熟练使用office办公软件
能够编辑使用sql语句"
229,"如果您申请了博世战略实习，意味着您将进入更战略的业务领域或更具挑战的项目中。您也将面临更具挑战性和难度的实习工作内容。当然，博世会为您提供具有市场竞争力的薪酬福利。如在实习中表现优异，将会进入博世人才库，并在校招对外启动前优先申请职位并参加面试。准备好了吗？快来挑战吧！;;Software Engineer Intern 
?
About Bosch Power Tools: 
Do you want beneficial technologies being shaped by your ideas? With us, you will have the chance to improve quality of life all across the globe. Welcome to Bosch. 
The Power Tools division of the Bosch Group is one of the world’s leading providers for power tools, power tool accessories and measuring tools. In 2017, it was roughly 20,000 associates. 
As part of the Power Tools division (PT), the business unit Blue Emerging Markets (BE) with headquarter in Shanghai is driving the business in all emerging markets (EM), which includes 150 countries in Asia, Africa, East-Europe and South-America. The purpose of BE is to “Fascinate our users with affordable solutions for a better life” 
?
Internship Description: 
The Marketing Operation department at Bosch is continuously improving its activities, both business Processes and work efficiency for associates. 
The Launch Specialist for Blue Emerging Markets is looking for support on software development to increase the productivity of operations, controlling launching processes and continuing to improve the transparency within our company. 
You will support a software development to better coordinate the launch process of new products, which includes:;- The development: Requirements specification, programming of the database and software, testing phase;- The implementation: Data migration, User Acceptance Testing, adjustments and corrections;- The deployment, go live and user training 
?
The project includes: 
?
- Data gathering, data evaluation, solution finding, project management (planning, Controlling, leadership);- Implementation: Regular status update to department team leaders and colleagues.;- Wrap up and summary, colleague satisfaction survey, lesson learned;;Benefits of the internship:;- You will be part of the whole software development process;- You will learn about Marketing and Sales operations in a company that operates worldwide;- You will be solely responsible for your own project, experience the whole lifecycle of project management;- You will be in contact with highly skilled professionals with years of experience, and be part of a multinational company 
?
?Profile: 
University Student currently enrolled in a degree of Information Technology, Computer Science, Database Management. 
- Web Frontend Development experience, using tools such as Angular 6 and above, JavaScript, and TypeScript.;- Backend Development experience using C# programming language, Python, PHP, or any backend development language.;- Notable experience with database programming using Microsoft SQL Server or MySQL 8.0.;- Ability to write Unit test cases and perform testing before promoting to higher environments.;- Provide utmost importance to the performance and scalability of the web applications during development.;- Distributed Source Control, using tools such as Github or Bitbucket.;Prior experience in project management would be appreciated. Necessary are good communication skills in written and spoken English"
232,"工作内容：1.负责构建大数据分析平台以及数据分析和挖掘工作；
2.参与支撑业务的数据模型建设及数据指标的计算和分析； 
3.负责数据采集、清洗、存储、计算等全方位的设计和开发工作； 
4.根据业务需求进行数据分析，开发数据模型，给业务决策提供数据和算法支持； 
5.参与服务行业客户，提供基于数据、咨询和平台的解决方案服务。
6.负责数据仓库建设，构建统一的数据仓库，基于业务数据需求，详细分析并且抽象，搭建业务数据集市； 
7.参与平台数据产品建设，为数据产品提供数据支持.;;;要求：;2. ? ? ? 计算机科学与技术、软件工程、物联网、大数据等计算机、数学相关专业;3.??????
毕业后有意向在重庆信息技术咨询领域深耕发展；;4.??????
对专业企业信息技术咨询及应用的未来职业发展充满激情;5.??????
英语CET-4 或 日语N-2及以上或同等语言能力优先；;6.??????
具有的逻辑分析、解决问题及人际沟通能力;7.??????
具有快速学习能力，富有团队合作精神;8.??????
积极主动、善于自我激励，能够承受压力;9.??????
需实习2个月以上，通过实习考核后转正，每月均有考核转正机会;10.??
能够接受出差"
233,职责与工作任务：;1.负责市场关键指标跟进与异常情况分析，找到其中商业问题点反向补充策略;2.负责跟进市场创新策略项目，拆解项目KPI及key action做重点分析;3.支持市场投放测试专场、物料设计等支持工作，支持投放工作正常推进;;任职要求：;1）在2021年或以后毕业，连续实习6个月以上，每周在岗3天以上优先;2）较强的数据分析能力，能过通过整理和挖掘数据输出高质量文档及策略;3）积极主动，有较强的语言表达和沟通能力，团队协作能力;4）能熟练使用word、powerpoint、excel等基础办公软件
234,我们需要你：;1、?协助项目负责人参与客户需求评估与确认；;2、 参与金融数据分析、金融计量模型等咨询业务，进行快速响应的数据分析，撰写分析报告。;;我们期望你：;1、?本科及以上学历，金融、计量、经济等相关专业优先；;2、?有扎实的统计分析功底和快速精准的分析能力;3、?精通统计分析和编程软件，包括但不限于：Stata、Python、R、Eviews等；;4、?具有较强的逻辑分析能力和的文字表达能力，对研究分析工作具有较强兴趣；;5、?品行良好，公正诚实，具有良好的职业道德，工作责任心强，吃苦耐劳，具备团队精神，善于与他人协作，有良好的沟通能力。;;你将获得：;1、?通过分析项目不断自我学习，提升数据分析能力；;2、?结识数据分析大牛，进入精准的优质互助人脉圈；;3、?收获客户的认可、赞许和好评，用客户为自己背书；;4、?在校生可获得正式实习证明，实习生可获得实名推荐信。
235,"1.????
数据分析：根据目前生意情况分析数据，形成周报，为未来计划与决策提供参考；（达成情况，进销存，动销门店数，龙卷风执行）;2.????
经销商管理：根据公司发展策略参与项目，与华东经销商进行沟通，支持架构搭建，运作，并收集数据并定期进行核查，反馈；二分商的挂接匹配问题，销量问题，门店问题，人员问题）;3.????
分销商情况追踪：参与新渠道拓展，对二级分销商的销量，门店问题进行追踪，了解其执行情况，促进公司战略性的分销工作；;4.????
进行跨部门合作，进行系统的运维和需求的响应，问题跟进。
实习持续时间需要到12月31日;;;;;"
236,";岗位职责：
1、 收集与整合项目信息，进行行业数据分析，撰写研究分析报告；
2、 参与部门临时数据分析需求的调研、分析和实践；
3、 分析和跟进项目负责人的需求，及时了解项目需求并进行深层次挖掘；
4、 参与数据模型的构建、维护、部署和评估；
5、 其他交办的工作。

岗位要求：?
1、本科及以上学历在校学生，统计学、数学、计算机等相关专业；
2、具备相关领域的研究背景和研究能力，能够胜任数据分析建模或数据挖掘的相关工作。熟练使用统计分析软件，或了解大数据分析工具、架构（如R、Python）；
3、具备独立的工作能力和团队协作精神，能够独立完成分配的工作任务，也具备与团队其他成员合作完成项目的能力；
4、个人学习能力强，善与人沟通。;"
237,"岗位职责：
1. 针对客户关系管理项目进行运营报表制作
2. 针对客户关系管理项目进行月度业务报表制作
3. 针对客户关系管理项目进行活动Tracking报表制作
4. 针对品牌部门及市场部的需求进行报表制作
5. 针对ad hoc进行报表制作和开发;;岗位要求：;1. 本科以上学历，统计学，数学，计量学，计算机相关学科学士及以上学历
2. 熟悉SQL server数据库操作，能从SQL
server数据库中提取数据；
3. 具备较好的人际交往能力、沟通能力，以及独立思考及处理突发事件的应变能力；
4. 每星期保证3天及以上的实习时间，包括寒暑假期间。
5. 有转正留用的机会"
239,1. 根据客户与业务需求，参与相关电商项目，给予相应的分析洞察，提供数据以及报告;2. 能与客户积极保持业务沟通，积极配合团队达成项目结果，且及时解决客户需求;3.主动并按时确保工作交付，并处理部分临时需求;;任职要求：;1、 有好奇心，较强的学习能力，对数据敏感，具有一定的数据分析能力;2、 熟练操作office办公软件， PPT & Excel;3、 具有良好的沟通能力，团队协作能力强，能与同事进行良好的合作及与客户进行沟通;4、 严谨认真，工作踏实，有市场及数据相关实习经验优先考虑
240,工作职责：;1、? 针对公司管理需要开发管理报表;2、? 为总分公司提供数据支持，根据业务需要提供相关数据;3、? 针对理赔管理各环节，进行专项数据分析，并做好跟踪预警监控;;实习要求：;1、专业方向：本科或以上学历，应届在校生，精算、数学、统计、等相关专业优先;2、熟练使用Office办公软件;3、熟悉SQL、SAS、Python等优先
241,5.能够准确把握银行的信息需求，撰写符合客户需求的咨询方案，并且形成分析报告&semi;任职要求：;逻辑思维能力及对数字敏感力；
242,【工作职责】;1、负责业务数据、行业信息收集整理，支持业务部门运营数据需求，对多种数据源进行分析、挖掘，寻找有价值的信息。;2、提供分析报告，对游戏设计、运营活动的效果给予评估。;3、参与数据挖掘业务分析的体系化建设，推动业务发展。;;【岗位要求】;1、本科以上学历；;2、热爱游戏，有较丰富的游戏经验；有多机种、多类型游戏经验者优先。;;注意：网站招聘信息过多回复可能不及时，了解新信息及投递简历请关注微信公众号：萌石 （公众号添加，搜索萌石）;;;
243,"工作内容：;1.?维护已有的Python数据自动化提取汇总相关代码模块（基于Wind Quant平台）；;2.?根据公司管理层个性化数据分析需求，利用Python进行相关数据可视化工作；;3.?维护已有的Python机器学习模块，在其基础上进行模型维护优化，为股票市场择时进行决策参考。;;岗位要求：
1.?本科及以上学历，计算机等理工科背景优先，硕士在读优先，有特征工程背景优先；;2?.熟悉Pandas、Numpy、Matlibplot，有使用过Pyecharts进行可视化工作经历优先；;3.?了解决策树基本原理，熟悉其他机器学习算法优先；;4.?可尽快开始实习，每周工作5天，周末不加班，能全职以及长期实习优先。"
244,"岗位职责：;参与到数据平台的研发中，包括但不限于；;1.完成selective
recorder QNX/linux?平台下的功能测试和新能测试；;2.服务端接口的实现和接口文档维护；;3.offline/online采集数据的结果对比和分析；;4.收集建立ODD测试数据集，建立分析工具。;;任职条件：;1. 1. 计算机、软件工程、电子信息工程等相关专业，具有良好的编程基础;2. 有linux使用经验和linux下c/c++ 开发经验；;3. 掌握常见的算法和实现原理；;4. 熟悉RDBMS，熟练使用一种RDB(mysql，sqlserver或postgres)；;5. 熟悉网络通讯，有http/web开发经验优先；;6. 熟悉python, 有python脚本和应用开发经验优先。"
245,";职位描述：;1.协助财务流程申请；;2.跟进销售团队离职流程；
3.协助销售团队学术推广活动相关事宜；;4.其他工作安排；;;任职要求：;1.在校大学生，每周工作至少3天；
2.熟悉MS OFFICE办公软件；
3.善于沟通，工作认真仔细；;"
246,"职位职责;-
辅助撰写IPO证券、跨境并购等资本市场相关法律专题报告;-
撰写前沿行业研究报告、商业风险分析报告等，为商业及法律服务提供参考与支持;-
运用法律数据分析工具，进行司法数据统计及分析;-
法律科技相关产品服务设计与研究;;任职要求;- 具备创业精神，敢于直面挑战，勇于尝试新鲜事物;- 本科及本科以上学历在读，法律相关专业优先;- 具备咨询公司、数据分析公司或律所相关工作经验者优先;-
对法律互联网行业及产品研究设计有兴趣者优先;"
247,岗位要求：;1、负责提供理财咨询、建议服务，?制定相应的投资组合和策略;2、学习跟踪宏观经济发展动态，研究国际金融业的发展趋势及走向;3、参与团队计划及策略的制定，进行风险监控;4、有数据分析、统计的细心和耐心，思维敏锐，对数字敏感;任职资格：;1、大专以上学历，有管理能力者/优秀应届毕业生/有行业经验者优先;2、敢想，敢做，有野心挑战高薪的你欢迎加入;3、热爱互联网金融，对金融行业未来前景有清晰的认识，并愿意扎根下去;4、公司提供全方位培训，提供无限晋升发展舞台;5、良好的工作态度、良好的团队协作能力，能承受一定的工作压力;薪酬待遇：;1、一经录用，公司将提供全套完善的金融专业知识及技能培训，并提供畅通公平的晋升空间；;2、上班时间：周一至周五，早上9：30-12:00下午13:30-17：30；周末双休；享受国家公共假期。;;职业发展与规划：;职业前景：每名雇员都会得到重视，通过不断的学习和努力，每个人都将拥有广阔的职业发展空间。;个人与职业道德：我们希望所有雇员都要遵守高度的个人与职业道德。;工作环境：舒适的办公环境，良好的工作氛围，互帮互助的学习热潮，公司有冰箱，微波炉，方便我们的同仁。;职位培训：优秀的导师，资深的专业人士，定期提供给您多种技术培训，助您自我提高实战投资技能。;薪酬福利：具有业界竞争力的薪酬和各种福利。底薪＋高佣金+丰厚奖金＋职位晋升＋季度旅游＋年终业绩分红。优秀员工可直接派往各分公司担任高管，负责分公司全面工作，工作优异的员工或管理人员将会享有派往华尔街总部学习进修的机会。;晋升机制：我们提供规范的员工晋升机制，以及人才选拔和培养机制。;※特别声明：;1、请求职人员认真阅读本公司招聘介绍，如本公司职位与您的职业生涯规划相符，欢迎应聘。;2、聘用职位性别不限，一经录用，公司将提供免费岗前培训及晋升机会。;3、请勿重复投简历，否则将会对你的录用带来不便
248,3、负责建立用户数据分析模型，针对用户行为进行数据监控和统计，发现用户行为模式与规律，为改进推荐系统提供支持。;
250,"岗位职责：;1、研究、搜集、整理、回溯影响上市公司的事件、财务、行业、宏观等因素；;4、其他数据分析、产品维护等相关工作;;任职要求：;1、金融、统计相关背景专业，硕士及以上学历，有良好的数据分析功底；
2、至少能熟练运用一种数据分析或建模工具，如SQL、Python、Excel等；
3、具备独立思考的能力，自学能力强，逻辑严谨，踏实认真，对数据敏感；
4、有较强的责任心，良好的沟通能力；"
251,1、作为公司集团总部的储备人才，接受系统化的培训和定向实践，加深对业务及实操的理解；;2、发展方向：在公司电商市场部-数据分析部门进行专项实习，以行业洞察、商业分析为导向；;3、培养周期为8-9个月，之后根据员工本人的就业意向以及用人部门的评估安排适合员工的职位。;;【岗位职责】;1、面向2021届毕业生，本科及以上学历；;2、应用统计学、市场营销、商业分析等专业优先。;;【你将获得】;1、管培生日薪150元-200元；;2、良好的工作氛围，宽广的职业上升通道；;3、在毕业前签订三方协议，转正后超出市场水平的薪酬福利。
252,岗位职责：;1、人群圈选：基于对消费者需求的深入理解，针对品牌具体营销业务场景，利用策略中心、数据银行和达摩盘等工具，进行自定义人群圈选、测试和优化，提升品牌广告投放效果；;3、每周保证4天（含）以上实习时间，需连续实习4个月以上。;（如表现，并在实习满四个月后选择继续实习，将奖励多1个月的实习工资作为激励。并且第五个月开始的实习津贴视具体表现有上调的空间。）
253,岗位职责：;1、托管外包业务的数据库开发与维护、数据质量检查与监控；;2、投资组合绩效分析与归因，绩效报告维护与发送；;3、资管、私募行业趋势研究，数据统计与分析。;;任职资格:;1、国内外知名大学毕业，金融工程相关专业，硕士及以上学历；;2、具备数据清洗与建模、数据库维护经验；;3、精通Oracle-PLSQL优先；;4、英文听说读写能力俱佳。
254,;应聘要求:
255,"工作内容：;1.支持爱奇艺海外版长视频内容分析，结合内容运营动作通过数据分析实现运营动作优化。;2.参与排播分析，通过更新集数、付免策略的分析辅助海外站运营策略更新。;3.参与项目分析，辅助完成数据收集与整理，针对不同地区的不同品类运营表现有系统的思考与复盘。;;岗位要求：;1.熟练使用Excel、PPT软件。有一定数学基础、统计学会SQL，熟悉Python、SPSS等统计分析工具的优先。;2.具备优秀的英语能力，并可作为工作语言。;3.有过互联网数据分析经历的优先考虑。;;你可以收获：
 实习补贴及实习证明，参与各种福利活动；
 舒适的办公环境，良好的团队文化，知名互联网公司的实习经验。;;温馨提醒：
 如果 7 天内您没有收到爱奇艺的面试邀请，那么目前我们不会安排您参加后续的面试环节，感谢您的理解和对爱奇艺的关注与认可。"
256,"工作内容：;1.支持爱奇艺海外版长视频内容分析，结合内容运营动作通过数据分析实现运营动作优化。;2.参与排播分析，通过更新集数、付免策略的分析辅助海外站运营策略更新。;3.参与项目分析，辅助完成数据收集与整理，针对不同地区的不同品类运营表现有系统的思考与复盘。;;岗位要求：;1.熟练使用Excel、PPT软件。有一定数学基础、统计学会SQL，熟悉Python、SPSS等统计分析工具的优先。;2.具备优秀的英语能力，并可作为工作语言。;温馨提醒：
 如果 7 天内您没有收到爱奇艺的面试邀请，那么目前我们不会安排您参加后续的面试环节，感谢您的理解和对爱奇艺的关注与认可。"
257,;;;;;岗位要求：;;;
258,"1、通过数据分析，协助制定市场发卡、客户维护及品牌策略；
2、协助完成相关市场业务报表的开发及维护，根据数据进行相关分评估与分析；
3、协助进行业务数据的统计、整理和分析，推动相关业务与策略的落地执行。;1、本科及以上学历在校生，统计学、数学系等专业优先；
2、熟练使用EXCEL等办公软件，统计分析能力强；
3、的逻辑数理分析能力，有一定的市场敏锐度；
4、学习能力强，有良好的沟通协调能力；
5、每周至少实习4天，至少实习3个月。"
259,"【地点】广州市海航大厦;【时长】每周4天以上，连续实习5个月以上
【薪资】150-250元／日

【岗位职责】
1.协助项目组进行需求调研，提供数据分析支持；
2.与多角色密切沟通，协助解决客户的数据问题与需求；
3.对项目的目标、进度、风险进行跟踪，收集并跟进解决项目实施过程中的各类问题；
4.依照项目管理流程跟进及确认项目各阶段的按时交付，并负责项目资料的整理与存档。

【职位要求】
1.信管、计算机、统计、数据分析、数学及相关专业，本科及以上学历；
2.掌握Excel、SQL，熟悉Python/R 等数据分析工具，拥有海量数据处理分析能力，对数据具备敏感度；?
3.具有较强沟通能力、学习能力和执行力，具备一定的业务理解能力，工作细心，有较强的责任心。
4.对商业智能BI相关知识有所了解或有过相关项目经验
【加分项】
1.有数据分析项目经验优先；?
2.了解商业智能（BI）相关知识优先；
3.了解Tableau工具优先。;"
260,1.负责为提供数据分析支持工作；;2.分则数据建模分析。;岗位要求：;1.硕士及以上学历，统计学专业;2.有数据统计相关实习经历优先；;3.每周可出勤3天以上，可持续6个月。
261,"1、理解业务运作，分析挖掘业务运营问题与机会,能及时准确地为业务线提供有洞察力的数据分析结论和策略建议;2、统筹目标管理，组织实施对经营方面专题分析;3、结合运营方案出具数据预测，并持续关注数据波动情况，进行差异化分析，给出改善方案;4、负责现有项目的跟踪管理及实施，对投资项目全过程进行风险监控，及时解决存在的问题;任职资格：;统招本科以上学历，有经济、金融、计算机、等专业优先；;"
263,"公司简介：
科睿唯安致力于通过为全球客户提供值得信赖的数据与分析，洞悉科技前沿、加快创新步伐，帮助全球范围的用户更快地发现新想法、保护创新、并助力创新成果的商业化。我们提供全面的知识产权与科技信息、决策支持工具和服务为全球客户的创新生命周期提供强大助力，帮助政府、学术界、出版商和企业在整个生命周期中：发现新想法、保护创新，直到实现商业化。我们的产品包括Web?of?Science（含科学引文索引，即Science?Citation?Index，简称SCI）、Cortellis、Derwent?Innovation、德温特世界专利索引（Derwent?World?Patents?Index，简称DWPI）、CompuMark商标检索与保护解决方案、MarkMonitor品牌保护解决方案以及Techstreet国际标准数据库等。
工作内容：
1.协助知识产权内容专家团队完成大中华地区专利数据的分析、汇总、整理和更新工作；
2.协助知识产权内容专家团队分析、整理、完善大中华地区企业架构和大学与政府研究机构组织架构信息；
3.协助部门完成相关报告的基础数据分析、数据清理工作；;4.翻译，审校化学和工程领域中文专利内容;5.?维护，保障翻译引擎正常高效工作;6.?核查专利著录项信息
7.完成部门交给的其他任务。
职位要求：
?-?本科或硕士在读学生；
?-?熟练运用WORD,?EXCEL,?ACCESS等办公软件，有SQL使用经验者尤佳；
-?良好的英文读写能力；
-?能够确保每周不少于4天的工作时间，至少连续工作3个月，在非考试季、期中考核阶?段可以保证五天出勤尤佳；
-?有信息收集、整理、分析经验者尤佳；
-?踏实、勤奋，抗压能力强；
-?勤于思考、有较强的自学能力；"
264,岗位职责：;1、承担行业或领域数据挖掘产品与服务的开发工作;2、负责将指定的数据挖掘算法及行业模型研究成果固化成数据产品与服务;3、协同团队承担行业复杂数据挖掘分析任务，并形成分析报告;任职要求：;1、全日制本科及以上学历，数学类、计算机相关专业;2、数学功底扎实，熟练掌握KNN、回归分析、决策树、随机森林、Bp神经网络、Kmeans、PCA、ICA、BP神经网络、SOM、SVM等算法模型，并且深知其数学原理;3、精通至少一门高级语言，如Python、C/C++、JAVA等；了解Linux平台;4、熟练掌握至少一门数学工具语言，如matlab、maple、mathematica、R、SAS、SPAS等;5、了解微分方程、数论、图论、实变函数论、泛函分析、矩阵分析、抽象代数等数学领域知识
265,"橙数科技招聘多名数据分析相关的行业研究实习生，处理公司各数据库下的各类数据、建立新的数据仓库、并转化为可视化dashboard或信息图，生成各类数据监控指标或脚本。;;技能要求：;- 本科及以上学历;- 收集，组织与分析大量数据的能力;- 快速理解与熟悉陌生行业及各类话题的能力;- 较强的Excel使用能力，如:pivot table, vba 等;- 会Python或SQL是加分项，英语、法语书面流利为加分项;- 工资日结，可远程进行沟通，开实习证明"
268,A. 基本内容:;1. 对日常分类信息资料管理的基础协调与监视工作。;2. 对潜在的严重碎片数据缺陷，能主动有效反馈，或创造性的提供改进意见。;3. 对一般数据信息，按阶段目标进行适用排序分类，协助编制相应数据说明手册。;;B. 任职要求：;1. 计算机或相关专业本科及以上学历；;2. 熟练使用Office工具如Excel的应用技术；;3. 具备良好的数据信息技术、功能、设计文档编写技能；;4. 了解非关系型数据及其基本用法。;;- 你将获得;实习补贴与额外餐补，全市班车；;来自外企的同事；;友好平等的团队氛围。
269,职位描述：;1、协助业务部门挖掘并分析快手平台数据、用户人群数据等商业化数据；;2、协助业务部门分析商业化广告及营销价值；;3、协助业务部门同第三方的沟通、协商、对接以及协作；;4、协助业务部门调研并输出行业营销创意。;;任职要求：;1、对互联网有自己的认知，有互联网实习经验优先；;2、熟练运用SQL、有较强的数据挖掘、分析能力优先，数据分析相关专业加分；;3、有较强的沟通能力、协调能力，抗压能力强。
270,Responsibilities;Qualifications
271,"岗位职责：
1、进行目标客户的需求分析研究，包括使用数据库进行数据提取和处理，建立分析及数据挖掘模型；??
2、辅助进行电信咨询项目的执行，包括涉及电信营销、客户研究、流程梳理、数据业务运营等方面的专题研究等；??
3、对于研究的成果能够协助研究报告的编写。
任职要求：
1、较好的数学或统计学教育背景，计算机、统计学等相关专业优先考虑；?
2、熟悉常见的概率统计、数据挖掘、统计分析算法；?
3、熟练使用SAS、SPSS等分析软件；?
4、熟悉Hadoop、Mahout、Weka,R等大数据相关技术；?
5、良好的学习意愿和学习能力，能够快速掌握工作所需技能；?
6、具备对数据的超凡敏感度、敏捷的思维与解决复杂问题的能力；?
7、具有良好的跨部门沟通能力和团队协作能力；??
8、具备SQL、oracle、linux、DB2等知识技能；;9、2021届岗位，2020届请勿投递;;为实习生提供转正机会！欢迎同学踊跃投递！"
272,"职位描述;-   数据统计及分析； 
-   动力电池相关应用系统需求分析及设计； 
-   算法设计与开发； 
-   验证算法模型； 
-   实际案例分析； 
-   优化算法模型。;任职要求;-   计算机/汽车/数学/电化学/统计 等相关专业本科及以上； 
-   熟练使用Python/Scala/C++至少其中一种，熟练使用SQL； 
-   熟悉电动汽车动力系统架构； 
-   具有动力电池系统故障分析能力； 
-   数学功底扎实； 
-   有Spark/pySpark编程开发经验优先。"
273,"岗位描述:;1.大数据产品统计、报表维护与监测，;2.基本文档的整理。;3.日常统计数据表单提取。;;职位要求：;1、接触过大数据处理技术优先。熟悉SQL语言，熟悉linux基本操作；
2、良好的表达能力，包括文字表达，Excel图表等数据语言的表达能力；
3、计算机，统计，数学类理工专业，本科及以上学历。"
276,"岗位职责：;1、深耕零售与消费品行业，为超百家行业**零售与消费品公司提供全链条的数据分析与商业智能解决方案，助力全行业效率革命；
2、深入业务场景，聚焦商业问题，构建指标体系，提炼分析逻辑，助力数据赋能业务，数据驱动决策；
3、熟练掌握数据融合，处理，建模，分析，可视化，用户交互，数据应用，智能决策等全链条数据分析知识与技能；
4、研究国内外数据分析实践，覆盖战略计划、供应链、商品、渠道、营运、顾客关系、财务、市场营销等全场景。;岗位要求：
1、重点大学理工科专业，对数据敏感，逻辑思维能力强，对数据分析有浓厚的兴趣；
2、熟练使用SQL，熟悉主流数据库的任一种；
3、良好的沟通及团队合作；
4、 每周4天，连续实习4个月以上。;加分项：;Python、R、Java等任何一种编程语言 或 任何一种商业智能工具平台经验。"
277,职位内容：;协助上级完成电商数据平台的数据拉取和整理工作。;协助上级整理产出市场分析、竞品研究及行业趋势的报告。;协助上级完成电商人群投放的数据圈包工作。;职位需求：;对数据分析及电商行业有兴趣。;具备良好的逻辑思维能力。;熟练应用Excel。;;;;在上海的同学优先;实习薪资：130元/日
282,-          收集竞品热点信息;-          辅助其他初级调研工作;
284,岗位职责：;;;岗位要求：;;;;;;;;;;;
285,"岗位职责：;1) 及时收集、核对、归纳生产的原始记录，及时掌握生产完成情况；及时审核、汇总、报告部门能耗、产量、生产效率等考核数据，汇报每天的及周报表、月报表，解释计划未完成及效率低的原因；跟踪部门各类预算与消耗， 与PPM保持联系；
2) 跟踪部门劳动生产率、加班工时的情况；配合人事，完成部门每月加班兑款的计算；负责部门所有人员的考勤及上报；核算离职员工的考勤结算
3)  确保部门符合环境法律法规要求，遵守污水管理、副产品废弃物管理和环境控制措施，参与环境沟通，关注部门各种环境隐患，制定行动方案并跟踪结果，持续改进；
4) SAP、Barcode、ORS、在线停机系统的培训
5) SAP系统中所有包材的消耗
6) 维护SAP中新品种的生产版本
7) ORS系统的日、周、月数据上传
8) 根据SLA和RACI，及时完成各项工作任务。;;岗位要求：;1) 能熟练运用office系列软件进行日常计算机操作；
2) 具有较好的数据管理及分析能力；
3) 基本的英语读写能力；
4) 工作踏实并具有较好的人际沟通能力；;5)每周实习5天，至少实习3个月"
286,"Roles
& Responsibilities of the Intern:
? Data collection on steel and iron ore markets in terms of price, production,
inventory, trade, and environmental issues etc.&semi
? Conduct timely database updates, maintain and improve the database&semi
? Help to build up new database and prepare PPT slides as required&semi
? Search news and reports with summary and initial findings&semi
? Support Market team with required tasks / projects.;Requirements:
? Patient, attentive, earnest attitude with high sense of data accuracy &semi
? Analytical capability with good logic &semi
? Comprehensive computer skills especially for Excel and PPT skills &semi
? Online research capabilities &semi
? Take initiative and commitment &semi
? Good communication skills.;? At least 2 days per week including Monday with continuing 6 months"
288,1. 陕甘宁蒙城市单车、电单基础数据处理、输出；2. 陕甘宁蒙城市经理数据需求对接，协助运营团队分析&决策及落地执行跟进；3. 区域其他日常事务处理，如总部日常指令传达、跟进。;1. 经济学、统计学、金融学等相关专业；2. 具有较好的数据处理能力，熟练使用Excel、PPT等；3. 积极、主动、耐心、踏实、高效、善于沟通；4. 能适应互联网行业高效的工作节奏，具有团队精神；5. 实习三个月及以上，每周至少四天，能尽快入职者优先。
289,"【工作内容】;1.负责大数据分析底层框架的搭建；
2.数据挖掘模型的设计和实现；
3.负责底层二进制文件的解析和写入；
4.大数据分析平台后端的设计和开发。;【任职资格】;1.本科及以上学历，计算机，信息工程，汽车等相关专业；
2.做事具有条理性，具有良好的自学能力，自我驱动力；
3.熟悉Python/C++/C等变成语言，并具有数据分析的经验。"
290,"1.负责大数据分析底层框架的搭建；
2.数据挖掘模型的设计和实现；
3.负责底层二进制文件的解析和写入；
4.大数据分析平台后端的设计和开发。;1.本科及以上学历，计算机，信息工程，汽车等相关专业；
2.做事具有条理性，具有良好的自学能力，自我驱动力；
3.熟悉Python/C++/C等变成语言，并具有数据分析的经验。"
297,1、完成各类业务报表的需求收集、底层数据调研和报表逻辑梳理等工作；;2、协助分析师完成业务需求整理、数据收集等内容，通过分析能够对业务决策和优化提出优化建议；;3、负责经营情况的分析和评估，实时发现经营中存在的问题并提供决策建议，参与并监督措施的实际落地执行；;4、财务类基础工作支持。;任职要求：;1、计算机、统计学、数学、财务等相关专业，硕士以上学历；;2、了解hive、SQL，熟练使用Excel等办公软件；;3、较强的逻辑思维能力、良好的沟通协调能力和数据分析能力，态度认真且关注细节；;4、有一定的抗压能力和良好的团队精神。
299,"工作职责：
1、数据统计及分析相关的sql编写
2、数据报表处理
3、数据统计分析及分析报告编写

综合素质：
1、精通word,excel相关的office办公软件
2、精通sql语法
3、责任心强，积极主动，较强团队意识，较强的安全风险意识和跟进能力
4、统招本科及以上学历

实习生提供转正机会！
欢迎2021届本科、研究生同学实习！【2020届毕业生勿投】"
300,"岗位描述：;1、跟进简单的相关业务需求，协调推动团队产出&semi;2、常规数据监控和维护，及时发现和解决问题&semi;3、协助数据需求调研、数据体系梳理、数据模型的构建&semi;4、整理日常运营数据,参与数据产品文档编写,以及相关可视化图表呈现;;岗位要求;1、 大学本科以上学历，计算机相关、数学/统计学等专业优先考虑；;2、 熟练掌握SQL语言，熟悉presto、hive更佳，精通使用excel办公软件；;3、至少精通1种统计分析工具软件，如Python、R，且有较好的文字、数据、图表呈现能力；;4、熟悉网易有数、tableau等可视化报表工具更佳。"
301,
302,岗位职责:;1.负责全国区域财政口径原始信息数据搜索、收集和记录；;2.负责在原始数据基础上利用统计工具进行分析，加工，协助部门提炼形成报告。;3.完成部门临时交付的其他工作安排。;说明：本岗位为纯实习岗位，暂无转正名额。;;岗位要求：;1. 研究生或本科生均可，统计、数理统计专业优先考虑；;2.? 熟悉R语言、SPSS等统计软件，熟练office办公软件尤其是excel；;3. 具有良好的沟通表达能力，学习能力强；;4. 每周保障少4天全职实习时间，能保证4个月左右。;;
304,"Our Exciting
Opportunity;We are looking
for interns including summer intern and looking forward to your joining! Grab
the chance and dont miss it!;The interns are
encouraged with phenomenal IT & Software background to chip in team.;You will;・???????
Develop
Programs/Tools for data analysis and reporting based on requirement;・???????
Responsible for
data chart/graph design (both high chart and self-designed charts if vital);To be successful
in the role you must have;・???????
Master degree or
above and should also major in IT or Software (Computer science);・???????
Demonstrated
skills for data analyses via Excel;・???????
Programming
skills including but not limited to VBA, Rstudio;Additional
Requirements;・???????
Demonstrated
desire to grow together with the organization;・???????
Excellent
communication skills;・???????
Willing to share
and team spirit;・???????
Diligence in
learning and thinking;・???????
The courage to
meet challenges and the ability to adapt to changes quickly;・???????
We also
encouraged you have experience in leading large-scale change programs"
305,岗位要求：;1、 负责信息标准化，数据探查及数据整理等工作；;2、 协助进行数据准确性验校及测试等；;3、 协助进行简单的报表制作，迁移等工作;4、 做好统计资料的保密和归档;;任职要求：;1、 全日制本科以上学历，汽车、财务、统计、管理类专业优先;2、 有数据统计分析相关领域工作经验者优先;3、 工作认真负责，承压能力较强，良好的团队合作精神;备注：每周至少工作3天
306,岗位要求：;1.2021年或2022年以上年限毕业的本科及以上学历；;2.需具备一定的数据库基础知识；;3.社会学、统计学、公共管理、信息管理相关专业，有数据分析工作经验者优先；;4.具有扎实的文字功底，表达能力较强，对国家大政方针、政策有一定的理解和研究；;5.积极主动、推动力及执行力强，富有责任心，宽容谦虚。;;工作职责：;1.日常学习上海市各部委基础数据整理工作；;2.参与面向部委、地方的政务大数据分析项目，快速积累实战验；;3.实习期间撰写相关大数据分析报告；;4.服从公司项目调配外派安排（上海市内）；;;【实习待遇】;1.待遇面谈，每月满16天即发全勤实习工资；;2.到岗时间随时，要求每周至少到岗3天；;3.实习6个月以上且表现优异者，可获得一次性特别贡献奖，并颁发获奖证书；;4.实习生可基于中心掌握的非涉密数据资源开展毕业设计或学术研究；;5.实习表现者，部门在当年应届生招聘中将优先录取
307,"公司简介;;M System 明思咨询有限公司，成立于2019年，是一家专注于宏观经济（政策）研究与股票算法交易的金融科技初创企业。公司在福州和上海两地设有办公室。传统的经济理论与基于理论的政策工具开发流程在北美，欧洲和世界其它主要经济体都有着深刻的影响与应用。但是也存在着不小的弊端，比如过分注重短期以及表面现象研究而不怎么关注内在原因等等。M System 明思咨询希望能在这个方向上做出突破，同时也探索将理论合理的商业化方式。我们欢迎对经济理论，经济政策，资本市场，或者其中之一感兴趣的同学加入，一起探索未来！;;因为业务发展需要，M System 明思咨询 福州办公室现招聘一名网页设计师（实习）和一名投资研究助理（实习）。;;;招聘信息;;;招聘岗位： 投资研究助理（实习）;招聘人数： 1名;招聘专业： 统计，应用数学，会计，经济，金融，金融工程，计算机或者其他相关专业;;岗位待遇： 1. ? 每小时 25元;2.?午餐补助 30元（工作日）;3.?交通补助 15元（工作日）;4.?通勤补助 25元（往返办公室与住所，提供一个小时的工作薪酬补贴）;5.?提供社保和商业保险（工伤意外）;6.?提供实习证明和工作推荐书;7.?办公室提供免费的咖啡，茶，饮料，水果和零食;;岗位要求： 1. 协助公司研究团队进行数据收集，整理，财务建模，Backtesting等工作;2.?学习能力强，熟悉Excel 和至少一种数据与统计分析软件 e.g., Matlab, R;3.?需提供专业课程成绩及所在专业排名（如与实际情况不符，offer无效）;4.?每周能保证不低于10小时的工作时间（如遇考试等特殊情况，可协商）;5.?在校期间有过科研经历，英文功底良好的优先考虑;;;;联系方式;;办公地址: 福州市鼓楼区五四路82号融都国际大厦10楼 Regus（雷格斯）中心;;"
308,"公司简介;;M System 明思咨询有限公司，成立于2019年，是一家专注于宏观经济（政策）研究与股票算法交易的金融科技初创企业。公司在福州和上海两地设有办公室。传统的经济理论与基于理论的政策工具开发流程在北美，欧洲和世界其它主要经济体都有着深刻的影响与应用。但是也存在着不小的弊端，比如过分注重短期以及表面现象研究而不怎么关注内在原因等等。M System 明思咨询希望能在这个方向上做出突破，同时也探索将理论合理的商业化方式。我们欢迎对经济理论，经济政策，资本市场，或者其中之一感兴趣的同学加入，一起探索未来！;;因为业务发展需要，M System 明思咨询 福州办公室现招聘一名网页设计师（实习）和一名投资研究助理- 数据分析（实习）。;;;;招聘信息;;;招聘岗位： 投资研究助理- 数据分析（实习）;招聘人数： 1名;招聘专业： 统计，应用数学，会计，经济，金融，金融工程，计算机或者其他相关专业;;岗位待遇： 1. ? 每小时 25元;2.?午餐补助 30元（工作日）;3.?交通补助 15元（工作日）;4.?通勤补助 25元（往返办公室与住所，提供一个小时的工作薪酬补贴）;5.?提供社保和商业保险（工伤意外）;6.?提供实习证明和工作推荐书;7.?办公室提供免费的咖啡，茶，饮料，水果和零食;;岗位要求： 1. 协助公司研究团队进行数据收集，整理，财务建模，Backtesting等工作;2.?学习能力强，熟悉Excel 和至少一种数据与统计分析软件 e.g., Matlab, R;3.?需提供专业课程成绩及所在专业排名（如与实际情况不符，offer无效）;4.?每周能保证不低于10小时的工作时间（如遇考试等特殊情况，可协商）;5.?在校期间有过科研经历，英文功底良好的优先考虑;;;;办公地址: 福州市鼓楼区五四路82号融都国际大厦10楼 Regus（雷格斯）中心;;"
309,
310,【岗位职责】;;1、配合产品经理/流量商务，提取相关数据并进行简单数据分析，为决策提供依据；;2、通过数据分析，反馈问题并积极推动解决；;3、协助搭建运营监控体系。;;;【岗位要求】;;1、计算机、数学类、统计学相关专业，掌握Excel/SQL；;2、逻辑性强，数据敏感，具有简单的数据分析能力；;3、本科及以上学历，保研或者研一，每周至少工作4天。
311,岗位职责：;1、完成指定的业务部门数据统计、数据提取的需求;2、协助完成数据分析指标体系的建设;3、协助完成数据分析相关报告;4、协助部门执行和完善数据规范;岗位要求：;1、全日制本科数学、统计学或计算机专业大三在读学生，有相关岗位的实习经验者优先考虑；本职位没有转正机会，请慎重投递。;2、熟悉HiveSQL，熟练使用HiveSQL进行数据操作；;3、有扎实的数学基础知识以及计算机基础知识;4、学习能力强，能够快速上手。
312,【岗位职责】;1.数据驱动：深入理解业务需求，结合数据方法和工具进行数据提取、整合、分析，为业务决策提供数据分析支持，确保业务朝正确方向高效迭代发展；;2.能够科学地进行实验设计（A/B实验等）监控与评估；;3.具有数据建模能力；;4.灵活运用不同分析工具解决不同分析问题。;【岗位要求】;1.计算机、统计学、经济学相关专业优先，精通SQL，熟练掌握Python或R，熟练掌握实验评估方法，有统计学功底；;2.本科及以上；;3.责任心强，有较好得沟通能力、逻辑分析能力；;4.工作积极主动，具有自我驱动力，做事精益求精；;5.每周实习4天，实习期3-6个月。
313,【岗位职责】;1. 参与B端（司机侧）商业分析框架，构建全面客观的监控指标体系，通过专题分析识别机会点和风险点，并提出优化建议;2. 结合业务发展需求，参与专题分析;3. 通过参与产品、运营等多种场景进行数据建设、数据分析及数据产品落地等工作。;【任职资格】;1. 对数据敏感，有较强的逻辑思维和沟通协调能力;2. 具备独立完成数据抓取、预处理、分析的能力，熟练使用SQL、Hive、Excel等数据工具;3. 具有基本的统计学基础和一定的数据挖掘和建模能力，了解常用的回归算法的同学优先;4. 有基于Python/R的商业数据分析实习经验的同学优先;5. 能实习5-6个月以上的优先
314,【岗位职责】;1.负责协助平台线下数据整理及维护;2.报表支持：基于业务逻辑及发展现状，协助搭建业务数据报表，监控异常数据并做出合理解读；;3.需求满足：协同各业务团队，了解并理清其痛点和数据需求，完成从数据提取到输出分析报告。;【任职资格】;1 数学、统计学或相关理工科、商科专业优先，对数据分析有强烈兴趣者优先，有建模项目或相关实习经验者优先；;2 具有良好的商业敏感度和数字敏感度；能够独立思考，具有较强逻辑推理能力和书面、口头表达能力；;3 熟练操作Excel & PPT，熟悉常用的Excel函数；具备基本的数理统计及计算机知识，对数据库有一定了解，;熟悉SQL，会使用Tableau/Python/R/SAS/SPSS者优先；;4 学历：统招本科及以上，211或985高校优先，研究生优先；时间：能够保证实习4个月以上，且每周不少于4天；;5 具有很强的团队意识，踏实肯干，有担当，责任心强；乐观开朗，充满激情，乐于接受挑战，抗压能力强。
315,"岗位描述：
0、协助数据团队建立数据需求管理规范，协助团队进行需求管理及迭代质量复盘
1、辅助创新产品业务增长的数据分析，共同达到业务目标
2、负责业务报表，用户行为分析，用户生命周期运营。
3、辅助产品运营工作，以提升用户留存为目标


岗位要求：
1、本科或以上学历，统计，数学，计算机相关专业。
2、良好的统计分析基础，较高的数据敏感性；
3、了解A/B测试原理及其应用；
4、熟悉 EXCEL，熟练掌握SQL优先；
5、善于沟通，工作积极主动，责任心强，具备良好的团队协作能力；"
318,;工作内容：;1、基于项目需要，获取所需数据，对数据的关系进行处理;2、使用图计算相关算法，对分析对象的各种关系进行挖掘;;;;;任职要求：;1、985、211院校学生，或者国外QS排名前200的院校学生，计算机、统计、数学等相关专业;2、熟悉SQL、对常见的图计算算法有一定了解，对neo4j有一定了解;3、熟练使用python，对数据清洗、数据处理有一定经验;4、每周实习4~5天，持续3个月以上，可远程实习。;
319,岗位职责;;◆职位描述;1.?熟练使用秒针系统相关软件进行广告监测，提取相关数据并制作报告；;2.?分析数据并对数据进行多角度挖掘，为客户提供数据层面的策略指导；;3.?负责客户的定制化需求，提供相关数据支持，满足客户的潜在及延展性需要；;4.?与客户及相关执行人员的协调沟通，保证监测活动数据的准确及有效达成；;◆职位要求;1.?对数字敏感，踏实，重视细节，逻辑能力与学习能力强；;2.?具有团队协作精神，协调能力强，能在压力下保证工作效率；;3.?善于从数据中发现规律，有一定的总结概括能力，具备较强的沟通与表达能力；;4.?熟练使用Excel、PowerPoint、Word等办公软件，对Flash软件有一定的了解；;5.?有广告公司数字营销工作背景优先，无相关经验但认为自己能够胜任这份工作的，同样欢迎。;6，能够尽快入职加分;服务客户：Yum、雅诗兰黛、欧莱雅、LVMH、上汽大众、捷豹路虎等等
320,岗位职责：;;2. EXCEL操作熟练，沟通表达清晰，能认真落实工作任务；;3. 高校大三或研二在读大学生，文理均可，需保证一周工作5天，至少3个月。;;加分项：;外语能力，有资讯类APP使用习惯，关注国际新闻的小朋友优先；实习时间长者优先；;
321,岗位职责：;1.负责公司大数据分析系统的数据采集，处理，设计，开发与测试；;2.研究大数据行业新技术、优化系统结构、提升系统效果。;福利待遇：;1、入职起薪平均在6000元/月以上，第二年起薪高于10000元/月；;2、五险一金、餐补和带薪年假；;针对人群;1、大专以上学历；优秀应届生亦可；;2、学习能力强，工作热情高，富有责任感；;3、可接受实习生;工作描述：;1、负责云平台系统的部署、管理、运维保障工作；;2、参与空间大数据分析平台的设计和开发；;3、完成领导安排的其他有关事宜
322,岗位职责：;1、 协助测试相关算法的性能和功能；;2、 挖掘数据的关联性，改善数据采集的方法，测试不同模型的运算效果;;任职要求：;1、 对人工智能技术/数据分析方向有深度兴趣。;2、 了解数据分析、信号处理技术，人工智能理论及运算模型。;3、 熟悉C、C++、Python、Matlab中的至少1种语言。;4、 英文良好、相关领域竞赛经验、发表过相关领域论文优先。;5、 能长期（6个月以上）实习者优先。;;薪资福利：;1、? 薪资4-6k，工作日午餐补助、晚餐加班补助，包住宿（或提供住房补助）；;2、? 可灵活安排实习时间，提供每月两次往返学校交通补助；;3、? 可合作发表科研论文，协助有志者继续深造；;4、? 实习表现优秀者可转正。;5、? 工作积极主动、有良好的沟通能力、创新性思维，逻辑清晰，做事细致及团队合作精神。
323,岗位职责：;1、基础销售相关数据整理、维护，协助上级进行初步统计分析；;2、主数据管理、人员信息维护（客户信息、人员信息、区域划分等）；;3、销售人员指标调整；;4、数据系统维护与支持；;5、完成上级安排的其他任务。;任职资格：;1、本科及以上在读学生，理工科专业优先；一周可保证至少有3天可实习；;2、熟练运用excel，word等MS系统操作；;3、具有良好的抗压能力、沟通能力，踏实。
324,;岗位职责：;1.负责公司大数据分析系统的数据采集，处理，设计，开发与测试；;2.研究大数据行业新技术、优化系统结构、提升系统效果。;福利待遇：;1、入职起薪平均在6000元/月以上，第二年起薪高于10000元/月；;2、五险一金、餐补和带薪年假；;针对人群;1、大专以上学历；优秀应届生亦可；;2、学习能力强，工作热情高，富有责任感；;3、可接受实习生;工作描述：;1、负责云平台系统的部署、管理、运维保障工作；;2、参与空间大数据分析平台的设计和开发；;3、完成领导安排的其他有关事宜
327,【岗位职责】;1.负责协助平台线下数据整理及维护;2.报表支持：基于业务逻辑及发展现状，协助搭建业务数据报表，监控异常数据并做出合理解读；;3.需求满足：协同各业务团队，了解并理清其痛点和数据需求，完成从数据提取到输出分析报告。;【任职资格】;1 数学、统计学或相关理工科、商科专业优先，对数据分析有强烈兴趣者优先，有建模项目或相关实习经验者优先；;2 具有良好的商业敏感度和数字敏感度；能够独立思考，具有较强逻辑推理能力和书面、口头表达能力；;3 熟练操作Excel & PPT，熟悉常用的Excel函数；具备基本的数理统计及计算机知识，对数据库有一定了解，;熟悉SQL，会使用Tableau/Python/R/SAS/SPSS者优先；;4 学历：统招本科及以上，211或985高校优先，研究生优先；时间：能够保证实习4个月以上，且每周不少于4天；;5 具有很强的团队意识，踏实肯干，有担当，责任心强；乐观开朗，充满激情，乐于接受挑战，抗压能力强。
328,【岗位职责】;1、数据驱动：重要指标分析，收入毛利测算，车辆全生命周期各环节的数据分析；给业务提供相应抓手和可视化产品解决方案;2、数据监控：完成业务目标监控，销售数据链路各环节拆解及发现问题。完成日报周报月报等报告内容，支持专题分析;3、数据生产和工具：积极和业务方充分沟通，结合业务，生产、建设基础数据和工具，积极配合推进数据项目，并应用解决业务问题;;在这里你将得到：;1、车辆全生命周期系统化的数据分析指导;2、有商业sense的交流碰撞;3、丰富的免费晚餐和打车福利，部门各种nice的小哥哥小姐姐;;【岗位要求】;1、实习一周5天（必须），需现场办公，至少连续4个月，到岗时间越快越好 2、熟练掌握SQL语法，学习能力强;3、本科及以上，专业不限，计算机、统计学相关专业优先;4、熟练掌握Office工具（Excel，PPT）;5、细心且责任心强，有较好的沟通能力，逻辑分析能力;6、工作积极主动，对自己高要求，做事精益求精
330,"岗位职责：
1、负责公司供应链中心的经营分析，监控和评估各部门业务开展的健康度；
2、专题分析，为管理层和业务部门提供商业策略分析和业务优化建议；
3、优化和完善所属方向的数据分析体系，包括KPI指标体系、报表体系、专题分析体系；4、根据公司战略项目、个人专长不定期在整个中心或集团轮岗学习，找到自己合适的成长路径；;任职资格：
1、全国高校重点本科及以上学历，或海外高校毕业的2021届毕业生，数学、统计、计算机、供应链管理、商业分析等相关专业优先；
2、英语四级及以上，有良好的英文读写能力；
3、精通使用SQL/EXEL，熟悉至少一种数据库软件，逻辑思维严密，有较好的分析能力和报告展示能力及较好数据敏感度；
4、有学校社团/班级管理经历、丰富的实践项目、实习等经历者优先。"
332,岗位职责：;1、负责数据分析相关工作，进行业务需求沟通引导；;2、运用数据挖掘/统计学的理论和方法，开展运营商行业业务数据分析和数据挖掘工作；;3、按时完成部门内分配的数据业务分析工作，并给出业务发展、优化的合理建议；;4、建立相关的分析统计模型，为业务分析提供数据支持。;任职资格：;1、全日制本科及以上学历，统计学、应用数学、数据库专家优先，有电信运营商业务部门业务分析实习工作经验优先；;2、熟悉统计分析，有SQL、R、Python、Matlab或SAS、SPSS等使用经验优先；;3、良好的框架思维能力和优先级判断力；;4、具有良好的理论研究水平和文字功底，可基于数据分析输出较高质量的分析报告；;5、个性开放，易沟通，良好的表达能力，责任心强，考虑问题细致，执行力强。;方向：;业务分析、数据挖掘、数据处理、数据库开发
333,岗位职责：;1、协助产品经理完成数据清洗、数据产品运营等日常工作；;2、协助部门负责人完成其他需要的工作，包括PPT制作、报表维护等工作。;岗位要求：;1、统计、数学、计算机、金融、数理经济等专业为佳，其他数理专业亦可；优先考虑2021/2022年毕业的大三大四在读生和研究生在读生；;2、9月开始，能保证不少于六个月的实习期，每周不少于三天，时间稳定者优先；;3、熟练使用excel等office办公软件，具有较强的数据处理能力，工作细心；;4、具有快速学习能力，富有团队合作精神。;
334,实习内容：;1、完成智慧医疗、智慧城市相关人工智能行业调研、竞品分析、专题研究等；;2. 使用数据挖掘相关技术，对数据进行ETL、分析、可视化，并形成洞察与解决方案；;3. 深入业务场景，应用AI前沿技术不断优化业务流程并探索新方向。;技能要求;1. 深入了解“AI+”应用市场，洞察Ｇ端/B端业务中的核心痛点和改善机会；;2. 对常用的LR、SVM、GBDT等各类机器学习和CNN、RNN、LSTM等深度学习算法及原理有基本了解；;3. 熟练掌握Excel+SQL/Hive+PPT；;4. 统计学、生物医药背景加分;5. 具备良好的数据分析和总结呈现能力，可以从数据中挖掘价值点，对商业和业务逻辑敏感，具备良好的逻辑分析能力、系统思维能力、概念能力，具备良好的跨团队合作能力与对外沟通能力，工作积极主动
335,;岗位职责：;1、分析报告：参与各行业数据分析报告制作，内容涵盖舆论分析、媒体效果评估、用户行为挖掘、用户画像建立等方面；;2、售前方案：参与售前方案制作，从客户需求分析、策划评估到方案写作全流程参与；;3、跨部门协作：与业务、产品、技术团队紧密沟通，进行跨部门、跨地区资源协调。;任职要求：;1、本科学历以上，商科或理工科相关专业在校学生；;2、有良好的逻辑思维能力，结构化思维好；;3、具备良好的沟通、协调能力，拥有强烈的责任心和团队协作精神；;4、熟练使用办公软件，熟练使用excel等数据处理工具，PPT制作能力好。;;
336,"岗位职责：;1、 具备良好的业务理解能力，对数据敏感，通过数据分析洞察业务问题；;3、 通过数据分析优化触达策略，提升用户召回率。;;岗位要求：;1、 本科或研究生在读，每周5天全勤，实习6个月以上；
2、 具备业务理解能力；
3、 熟练使用Excel；
4、熟练使用SQL；
5、数据分析能力，熟悉关联分析等方法，具备制定业务策略能力。"
337,"【职位信息】;1. 工作地点：北京;2. 工作时间：平时每周2天在项目组办公，其余时间可远程办公；寒暑假每周4-5天&semi;;【项目内容】;1. 汽车/重工行业大数据及高级应用分析等项目;2. 埃森哲人才培养和储备（工作满1年, 表现的人才将被留用； 工作半年以上，表现的同学，可提供推荐信）;;【工作内容】;1. 协助项目经理准备交付材料，准备项目进度和汇报工作材料。（全部英文）;2. 协助数据科学家进行数据分析、可视化展示设计并协助数据工程师进行数据清理和维护;3. 帮助翻译和查找资料;;【背景要求】;1. 汽车行业、计算机、信息管理、数学、统计学或其它理工类学科对人工智能和高级用系统分析、物联网技术、安全技术、云技术充满热爱的同学;2. 英语听说读写流利;3. 具备较强的学习能力、分析总结和沟通表达能力;4. 掌握以下任意某方面技术/工具的同学会优先考虑;1）可视化分析： UI/UX 设计及工具使用，Power BI/Tableau, SQL Server;2）数据分析： 机器学习, 深度学习, Python/R, SQL, JavaScript , C, SAS, Github, Teradata,
Informatica, Tensorflow….;3）数据处理：Hadoop ecosystem, Hive, Scala, Spark, Hadoop Solr,
Hbase, MapReduce and Sqoop, Flume, Kafka and Storm, Cloudera and Ambari, Java,
HDFS, ZooKeeper, REDIS…;4)?? 安全技术/云技术等"
340,日常工作内容：;;・70%：支持分析师对所需数据进行整理、分析和检查;・20%：支持分析师对报告所需图表的制作和调整;・10%：团队内其他工作和项目的日常支持;要求：;・了解并熟悉数据处理，会使用EXCEL、POWERPOINT等基本的办公工具;・逻辑思维，对新事物抱有好奇心和强烈的热情;・的数理基础（如统计专业、信息技术专业等）为佳;・有研究/咨询/分析相关实习经历或项目经历为佳;・若能力，以上要求均不是必要条件;我们能提供：;・为希望从事市场研究、商业研究、咨询领域、互联网领域的同学奠定硬技能和软实力基础，包括思维方式、数据工具使用、分析创新等;・开放、热情、透明、工作导向的工作氛围和团队氛围;・办公室随时有零食包（小心月半）和咖啡供应;・转正机会;;到岗时间：尽快;工作时间：尽量一周5个工作日都能来，每周不低于3个工作日;;工作时间：尽量一周5个工作日都能来，每周不低于3个工作日
341,岗位职责：;1.负责公司大数据分析系统的数据采集，处理，设计，开发与测试；;2.研究大数据行业新技术、优化系统结构、提升系统效果。;福利待遇：;1、入职起薪平均在6000元/月以上，第二年起薪高于10000元/月；;2、五险一金、餐补和带薪年假；;针对人群;1、大专以上学历；优秀应届生亦可；;2、学习能力强，工作热情高，富有责任感；;3、可接受实习生
342,;科研信息化数据分析处理，要求具有学习能力和学习精神，做事认真负责，请确认为在校生并且实习时长最少3个月。;基本要求（必须满足）：;;;工作能力要求（提交简历满足其中1项）：;;
343,"国际业务部招聘，统计学相关专业的在读研究生或19年20年毕业本科生，实习后可留用入职。或非统计学相关专业但至少学过统计学或数据分析课程并精通excel使用。
时间：每周一到五，至少能凑足4天全职实习。
我们将要培养的是独当一面的能力型实习生工作伙伴，并不需要打杂型实习生勤杂工。;全面提供整个外贸电商流程的学习实践和发展机会。职责内容包括;1 公司外贸营销体系（包括公司自建站、Amazon、ebay等平台渠道）的建设、运营。;2 处理订单，运营产品。做好售后服务。英文email / 电话沟通。
3 市场信息和业务信息数据的收集、记录和分析，改善运营，筛选新产品。
4 部分原料和外购产品的采购。
5 协调生产。;6 规划安排物流。;7 任务为导向，学做项目经理。除了具体实施操作外，要协调资源，自主管理项目。会同时在不同项目组里担任职责，并可能轮岗担任不同项目的经理。供应链管理项目、行政总务项目、培训及知识管理项目、营销项目、客户服务项目、新品拓展项目等待你来一一尝试。;8 参与公司战略决策，参与公司制度建设。我们常有大小决策的讨论，人人都能施展见识，决定公司未来走向。人人都有权参与决定激励机制等公司的各项制度。;;;招聘要求：
1、专业不限，籍贯不限，性别不限。
2、英语或其它语种水平必须达到：非外语专业6级分数450以上，外语专业专四分数65以上。德法西日等小语种学生，英语也应达到上述标准。
3、学习能力强。
4、做事有条不紊、思路清晰、知识面广、理解力强。
5、有独当一面的创造、运筹、分析、管理潜质者尤佳。
6、实习期不少于60个工作日。;7、已毕业人员60个工作日后可以转正。在校生毕业后可以入职留用。

工作地点：;新区竹园路滨河路口写字楼内, 周末双休，实习生允许常请假（平均每周保证4个工作日在岗）。以项目任务为导向，工作自由度大，不松不紧。讨论辅导式培训，学习式工作方式，鼓励员工边学边干。对小公司工作没有兴趣者请勿应聘。实习津贴: 每工作日7.5小时，无加班，200元每工作日。午休1.5小时，鼓励睡午觉。外地或者路远的同学租房可享每月450元补贴。毕业后留用入职者，月薪5500-7500。;公司介绍：;我司为注册于香港和苏州的小型贸易公司和制造商。国内业务部从事世界著名品牌工业胶水的国内代理。;国际业务部从事工艺品、自产新颖玩具的国际贸易。业务区域分布欧洲，北美，南美，澳洲。本职位是针对国际业务部的工作进行人才招聘。;用人关键词：培养，平等，放手。 我们能够为新员工全面提供整个外贸流程的学习实践发展机会，致力培养新员工成为独当一面的将才。在我司的工作，将不仅使工作者掌握外贸的工作经验，提高外语书面和口头应用水平，更重要的是提高做事的综合能力。我们欢迎青年才俊加入我们迸发才华，也鼓励同事锻炼提高后奔赴更高远前程。"
346,"岗位职责：;;1、协助进行数据调研、数据获取；
2、协助完成变量清洗程序开发及模型开发；?
3、深入了解业务方向、基于保险大数据进行统计分析为决策层提供数据支持，输出分析报告；
4、协助部门更新数据收集流程，创建迭代解决方案，增强数据运营和数据挖掘的相关业务能力；;;;;1、数学、统计、计算机等相关专业本科一批及以上学历；
2、熟练使用Python进行数据清洗，掌握数据挖掘能力，有相关项目经验；
3、具备处理和分析数据集，推动分析项目的能力，对分析体系有一定的认知；
4、有较强结构化思维、逻辑思维能力，对数据敏感，具备优秀的定量分析能力；;5、能迅速了解公司核心业务、发散性思维、喜欢接受挑战或不断学习者优先；;6、学习能力强、较好的自驱性与执行力、热爱生活；
7、具备较好的人际沟通、团队协作能力，注重细节并具有掌控细节的主观能动性；;"
347,工作内容：;1?负责开拓线上商务合作资源、渠道，包括但不限于平台、电商、社群社区、微店等；;2?出版物优质内容线上输出，与线上各平台合作，取得共赢；;3?以提升销售量为目标，整合产品内容，获取品牌效应及流量曝光；;4?具有产品运营思维和战略意识，可以打造高效精准的渠道合作模式；;任职要求:;1?本科及以上学历，互联网经验，对外合作2年以上工作经验；;2?丰富的线上互联网经验，的商务谈判技巧，以及沟通、应变、协作能力，可独立谈判、业务拓展和维护；;3?较强的学习力和自我成长意愿，具备较强的逻辑思维能力和判断通力；;4?自带粉丝流量加分；;5?MCN机构从业经验优先；;工作地点：苏州姑苏区;薪资 6000-10000
348,"1. 根据项目计划，负责完成服务体系相关价格及相关数据的方案设计、录入和测试审核，用户设置，系统功能设置，翻译和标准销售文件的设置等。
2. 分析用户反馈的系统应用问题，协同产品管理专员和公司各职能岗位完成系统维护，确保系统运行正常。
3. 收集用户反馈的新功能需求，沟通协调给与整体的解决方案并且有效地反馈给eLog印度和美国项目组，并负责提交，跟踪、测试系统新功能，发布前完成新功能培训。
4. 根据项目计划，负责执行相应模块的推广，如销售活动管理，工地模块推广，为系统用户提供指导支持；
5. 负责制订终端用户的培训计划和实施，并提供用户帮助。
6. 与项目组成员互相协作、互相支持，以确保项目按计划完成。
7. 完成领导分配的其它工作。;1) 本科及以上学历，信息系统管理等专业，1- 2年系统设置、方案设计、系统数据维护的工作经验
2)英语听说读写流利
3) 工作仔细严谨，逻辑性强"
349,5、实习周期不少于6个月，每周可实习4天以上者优先；;6、表现优异者，提供转正机会，但是要求可以实习到2021年毕业。
351,;我们能提供什么：;;1.有竞争力的实习薪酬，免费管2餐，水果零食，节假日福利，年度旅游；转正后有六险一金，工作居住证，带薪年假病假等等超多福利；;2.导师制，有来自知名公司的同事一对一指导工作；;3.自由开放的办公氛围，团队成员普遍年轻化，沟通顺畅，团队间协作高效；;4.提供广阔的成长平台，因为团队规模不大，所以非常灵活，我们非常欢迎资质好潜力高的同学加入我们！现有团队内有很多非常聪明的同学，比如入职一年就开始独立做产品，之前是研发后期转商业化，之前是设计后期转投放岗位等等。只要你足够，我们非常愿意把你打造成复合型人才~
353,"In
general the tasks we require assistance is administration and coordination of
our Channel Partner Program for APAC.;;;・????????
English speaker
		

			・????????
Good communicator C happy to speak to our people
across Asia to get inputs and check data, customer contact lists etc.
		

			・????????
Good or Very Good Microsoft excel skills.
		

			・????????
Needs to be able to work to a brief and ask
questions/seek clarification if required.
		

			・????????
Someone that is going to have the ability to
understand in basic terms what we do as a business.
		

			・????????
Good IT skills and can use Microsoft and similar
type software. Capability to learn new tools like SharePoint if not already
familiar.
		

			・????????
Not mandatory but if the intern has some
?basic programming-type skills, we could shift the activities in focus to
include automation of some of our existing tools and workflows."
354,岗位职责：;1、依据项目和客户需求，利用监测数据开展分析和来源解析等综合分析；;2、负责数据分析方法的设计及开发，资料文件的编制、收集与管理工作；;3、完成领导交代的其他工作。;;任职要求：;1、本科及以上学历，环境工程、环境科学、大气科学、气象等相关专业；;2、熟练使用office软件，有一定的文字编写能力；;3、至少掌握Igor、Origin、ArcGIS等一种常用数据分析软件。
355,;岗位职责：;1、开展大气AQI6参数、气象五参数、颗粒物、挥发性有机物等数据分析；;2、负责数据分析方法的设计及开发，资料文件的编制、收集与管理工作；;3、完成领导交代的其他工作。;;;任职要求：;1、硕士及以上学历，环境科学、环境工程、大气科学等相关专业；;2、熟练使用office软件，有一定的文字编写能力；;3、态度认真严谨，能适应加班；;4、掌握Igor、Origin、ArcGIS等数据分析软件的优先；;5、具有一定VOCs等大气相关分析经验的优先，的本科生亦可。;;;;
356,【工作职责】;主要工作职责范围：;-?????? 深入参与对市场、行业、企业、项目的分析;-?????? 完成分配行业研究，梳理行业逻辑，撰写行业报告;-?????? 参与价值投资的研究分析报告，包括竞争优势、前景、投资风险、估值等定量和定性分析;-?????? 参与市场调查和项目数据的搜集、整理、分析和其他相关工作;-?????? 业务所需的其他工作;;【职位需求】;-?????? 有基本的数学能力、调研能力、分析能力、沟通能力、团队协作能力;-?????? 专注细节;-?????? 有服务意识;-?????? 熟练掌握办公软件的操作;-?????? 对教育、科技、投资领域有兴趣或基本了解;-?????? 优先考虑经济、金融、管理、教育、数学、中文专业在读或毕业的海外留学背景申请人;-?????? 具有思辨能力、结构思维和创造力;-?????? 有财务基础、创业经历、投资经验者优先;-?????? 良好的中英双语能力;;【岗位说明】;-?????? 本岗位没有实习薪资和补贴;-?????? 上海市静安区南京西路/人民广场核心办公地段;-?????? 两轮面试;-?????? 接受寒暑假实习和长期实习;-?????? 条件符合可考虑远程
358,"1.???
使用定量方法支持领导层、业务部门的数据需求，包括但不限于人效分析、编制制定、费率分析、异常趋势追因、行业分析及对标等；;2.???
跟踪员工情况，定期产出数据报告，监控数据波动和异常，通过数据分析发现人员问题；;3.???
协助开展专项分析，分析特定人群现状并挖掘背后成因，为业务相关决策提供引导；;4.???
保持与业务部门工作沟通，梳理业务团队需求，推动与协助改善问题，提升经营效率。;;1. 全日制本科及以上，数学、统计学等专业优先，有数据相关或互联网行业实习经历优先；;2. 务必保证实习4个月以上，一周出勤五天，可长期实习者优先；;3. 熟练使用Excel、PPT等办公软件，掌握Tableau、PowerBI、R、Python等数据分析工具优先；;4. 逻辑分析能力强，有较强的数据敏感度、数据分析和提炼归纳的能力，能敏锐发现数据中的问题；;5. 学习能力强，有责任心，具有独立思考能力，与他人相处融洽，沟通能力强，能快速融入团队。;;1.? ?
免费晚餐+餐补，全城班车覆盖;2.???
大楼内部喜茶，Costa，健身房应有尽有"
359,【岗位职责】;1、针对两轮车现有数据情况，针对不同业务场景，进行数据分析；;2、理解数据模型逻辑，及时跟进并解决数据问题；;3、与公司内、外部人员建立良好沟通，了解实际情况所在，确定情况。;【岗位要求】;1、研究生二年级或本科三、四年级在读；;2、具备一定的数据分析能力，熟练掌握Excel，SQL，Python等数据分析软件；有项目分析、编程经验者优先；;3、有良好的沟通能力，协调各个岗位协同推进问题的解决；;4、每周到岗4天以上，实习三个月以上。
360,岗位职责：;1.参与数据分析项目，协助分析数据准备、分析建模等工作;2.协助项目文字材料编写与整理;;岗位要求：;1、计算机、数学或统计相关专业;2、熟悉Excel、SQL，熟悉Python开发;3、善于沟通、细心且责任心强，逻辑分析能力;4、团队合作，工作精益求精
361,;本职位长期招聘，负责“时尚广州新媒体”品牌的工作，协助记者通过电脑技术挖掘新闻。;请在邮件中附上个人近照及作品;
363,"We are accelerating digital transformation to deliver personalized 
consumer experience and enable consumer-centric strategy through Big 
Data, AI and emerging technologies.;;We are looking for a student intern focusing on data and analytics for 
our strategy and insight team of Marketing. You will have opportunities 
of working with elite Danone ELN teams from digital strategy design to 
analytics solution implementation, and embracing the next wave of 
evolution for digital and marketing.;;Job Description;1) Assist project leader on digital transformation and advanced modeling projects&semi;2) Support Admin and logistics for Team operations, meeting and workshop internally and externally.;3) Perform Data collection, documentation and basic analysis on project base&semi;4) Compile Market and Competitor research and review&semi;5) Load, clean, and transform data into excel or other data tools, derive insight from data and create story in ppt slides.;;Job Requirement;1) Fulltime students from top universities. Prior experience in both 
quantitative fields and business environment will be a plus.;2) Excellent communication skills in English;3) Extensive experience using excel advanced functions like pivot table
 and making ppt slides to tell story from data and modeling.;4) Hands-on experience on database（e.g. Access, SQL, Oracle）. Knowledge on statistics and related tool sets（SAS, Python, R） will be a plus;5) Fast learners, analytical thinking and Strong team spirit;6) At least 4 days/week attendance for at least four months;;工作时间：10:00AM－6:00PM? ? ? ? ? ? ? ? ? ? ? ? ? ? ? ? ? ? ? ? ? ? ? ? ? ? ? ? ? ? ? ? ? ? ? ? ? ? ? ? ? ? ? ?

工作薪酬： 120-150元／天
工作福利：每天都提供水果、酸奶、咖啡、茶和点心，公司氛围很好，工作环境舒适，人性化；老板们人很nice，手把手带，会学到很多有关数据分析的很多知识，工作节奏比较快，如果你工作认真主动的话，成长速度也会非常快。"
364,我们需要：;1.比较好的逻辑分析能力和数据敏感度，有一定市场调研的经验和基础；;2.协助完成市场相关数据收集和调研，并进行归纳和分析，同步撰写调研报告，为公司产品部、买家部和采购部的决策工作提供数据支持；;3.熟练使用Windows、Office等办公软件；;4.热爱数据相关工作、有钻研精神；渴望接受新事物，具备快速学习及总结能力；;;岗位要求：;1. 渴望获得出口跨境电商快速及专业成长锻炼；;2. 渴望接受新事物，具备快速学习及总结能力；;3. 因岗位要求，需有英文阅读及书写表达能力；;4. 有丰富在校学生社团或组织活动经验，担任过关键角色优先；;5. 本次实习岗位主要针对2021年毕业本科生；;;你可以获得的锻炼;回报-经济;回报-成长;1. 供应链知识;2. 跨境电商的知识;3. 海外数据分析的能力;4. 了解海外多媒体;5. 可提供转正机会
365,1、负责日常报表整理，数据统计、数据分析的工作；;2.? 协助完成日常行政管理的运作；;4、协助上级对各项行政事务及数据分析的安排及执行。;;;4、熟练使用office办公软件及自动化设备，掌握基本数据分析技能，会统计、做报表等。;;;工作地址：;广东省广州市天河区珠江新城中和广场;;
366,职位介绍：;SFE（Sales Force Effectiveness）;;以数据为工具支持销售队伍的运作;绩效和激励：;为销售队伍设定销售指标。;对销售人员进行绩效考评;销售人员激励计划（Incentive plan）和奖励计划（Recognition）：;设计、评估销售奖金方案、奖励方案。以达到足够激励销售团队，鼓励销售表现，追踪实施，控制奖金支付在财务的预算范围内等目的。;岗位职责：;1、协助领导维护CRM系统中架构调整；;2、协助领导维护CRM系统中销售指标管理；;3、协助销售奖金计算。;;任职要求：;1、本科以上学历；;2、财务、审计、金融、计算机等相关专业。;可长期实习;本科130/天，研究生140/天。
367,"岗位职责：
1.负责无人驾驶数据的开发和分析工作；
2. 负责构建无人驾驶软件系统的评测体系，基于评测体系优化无人车规划控制能力。;岗位要求：;1. 熟悉 ETL 开发技能，熟悉 Hive、Spark 等大数据组件，有的 SQL 性能调优的能力；
2. 对自动驾驶有基本理解，具备车辆功能分析优化能力；
3. 有良好的逻辑思维，有独立解决问题的能力，具备沟通和抽象能力。;加分项：;1.具有数学、计算机、自动化、车辆工程和机器人等相关专业研究背景；
2.具有无人车算法相关研究经验，熟悉无人车软件架构。"
368,【岗位职责】;1.深入了解滴滴业务运营，通过数据分析、调研等方法洞察整体业务问题;2.通过业务主题的专项分析，输出简单专项评估分析报告，提供数据驱动的决策支持;3.为部门内日常的数据分析工作提供支持;【岗位要求】;1. 大数据、统计学、数学等相关专业优先，有数据分析实习经验者优先，;2. 具备大数据的处理和分析能力，熟悉SQL、R、Python等常用数据分析工作，精通Excel、PPT等工具;3. 拥有良好的数据敏感度和商业洞察力，良好的逻辑分析能力、系统性思维和全局观
369,"【岗位职责】;1. 理解业务部门提出的数据分析需求，通过分析为业务问题提供策略支持;2. 基于对业务的理解，能在指导下建立数据商业模型;3. 持续跟踪业务数据，监测业务发展态势，为业务指标异常提供预警、监测和解读;4. 输出数据分析结果，参与数据可视化项目的建立，追踪战略在具体业务中的执行;5. 基于公司大数据平台海量用户数据，运用数据挖掘的理论方法，准确、快速处理数据;【岗位要求】;1、 全日制本科及以上在校学生, 统计学/经济学/计算机/心理学等相关专业,;2、对数据分析有浓厚的兴趣，有过机器学习建模或数据分析相关项目经历，有相关实习经验优先;3、主动性/求知欲强；;4、 熟练使用SQL、python/R语言，熟练操作Excel & PPT，熟悉常用的Excel函数；具备基本的数理统计及计算机知识，会使用Tableau /SAS/SPSS者;5、尽快到岗，每周至少保证实习4天，实习时间3个月及以上。"
371,【岗位职责】;;1、负责集团数据分析报告的产出和优化，分析重点业务的发展现状及增长驱动力并提供多元化建议，参与平台跨业务部门数据挖掘、异动分析的工作；;2、从全局视角以业务为出发点，探索、研究相关行业及领域趋势与机会；;3、参与专项战略研究，从用户、规模、增长等多方面分析市场情况，并结合券商行研报告、财务报告、外部宏观数据研究重点探索；;4、参与团队数据资产的沉淀整理，集团重要会议资料汇总提炼等工作。;【岗位要求】;1、本科及以上在校学生，专业不限，统计学、数学、计算机、经济学等相关专业优先；;2、熟练掌握SQL、Excel、PowerPoint，有基本的统计学知识；;3、做事细心，逻辑性强，擅长沟通，对数字敏感，有商业思维，有商业分析实习经历优先；;4、每周固定4天以上；实习期六个月以上优先。
372,"1、能够结合小红书平台调性和特色协助策划团队撰写策划方案，参与头脑风暴，发想创意；;3、负责站内数据挖掘和分析，协助客户更好调整营销策略;;任职资格：;1、2021年及以后毕业，本科及以上学历，每周至少到岗4天，至少3个月
2、广告相关专业优先，有网络媒体策划或相关经验，有4A工作经验者优先；
3、具备极强的网络营销策划、提案、活动推广、沟通能力和极强的工作责任心；
4、熟练使用PowerPoint，Excel和Word，有良好的文字驾驭能力，具备一定数据分析能力；
5、良好的沟通表达能力，英语表达能力强者优先。"
373,"实习内容：;1.Work
close with regional adjustment analyst to do test work in UAS on-line project.
Assist with test in staging and production application in SAP, PREPROD and
TTAPPL environment in UAS.;2.Participate
to generate training material of UAS on-line project, such as ZWC order
maintenance, system/tool interface operation.;3.Responsible
for UAS default report running on a monthly and quarterly basis, format output
report.;4.Responsible
for monthly rejection claim compilation based on countries’ input, format raw
data and generate analysis report.;5.Provide
basic support on Regional Quarterly Adjustment report preparation.;;1.协助进行UAS系统上线的SAP,PREPROD和TTAPPL测试工作；;2.参与生成UAS项目培训材料，如ZWC维护，系统/工具界面操作；;3.负责UAS系统默认报表按月度和季度输出报告；;4,.根据国家的投入，负责月度拒收索赔的编制，整理原始数据并生成分析报告;5.提供亚太区季度调整报告准备的基本支持；;6.熟练使用Office办公软件，特别是Excel进行数据的统计和分析工作。;;基本要求：;1.本科及以上学历，财务或统计类专业优先；;2.为获得实习体验的连续性，实习时间每周至少4天，连续6个月的优先；;3.熟练操作office办公软件，英语听说读写良好；;4.良好的沟通表达能力和协调能力，有创新性，聪明伶俐，责任心强。;5.工作地点在大连普兰店有通勤班车（班车路线：大连市内、开发区、金州区和普兰店）"
374,1、负责日常报表整理，数据统计、数据分析的工作；;2.? 协助完成日常行政管理的运作；;4、协助上级对各项行政事务及数据分析的安排及执行。;;;4、熟练使用office办公软件及自动化设备，掌握基本数据分析技能，会统计、做报表等。;;;工作地址：;广东省广州市天河区珠江新城中和广场
375,;;岗位职责：;(1)?? 通过提取、分析各流程节点数据，及时理解并跟踪各产品的业绩表现，研究影响指标的潜在因素，进行数据验证；;(2)?? 制作日常数据报表，提供业务重点的工作视角，辅助业务管理深入；;(3)?? 总结数据波动情况，对异常数据进行及时预警，定期形成相关报告；;(4)?? 结合公司内部需求，配合其他部门进行相关数据的提取、过滤和分析；;(5)?? 对数据进行业务方向分析，剖析存在的问题，基于分析，给出经营建议；;(6)?? 归并业务风险，保证决策信息的及时性及准确性。;任职要求：;(1)?? 985/211一流院校统招本科及以上学历，数学和统计学专业优先；;(2)?? 有良好的逻辑能力，思维严谨，对数据敏感，有洞察力强；;(3)?? 快速学习能力，对广告行业有一定认知和理解；;(4)?? 熟练操作OFFICE办公软件，大学英语四级以上，对建模工具及处理技术（Python、R、SQL、HiveQL）有一定了解者优先，；;(5)?? 有很强的团队意识，有良好的职业道德和职业操守。;
376,"1.参与数据治理项目管理工作；;2、参与数据库运营维护；
3、参与日常运营数据分析，并提出优化方案。"
377,岗位职责：;1.参与物资电商数据分析工作。;任职资格：;1.本科及以上学历，硕士研究生优先，计算机科学与技术、软件工程、数学等相关专业；
378,"工作职责
1、AI及数据科学平台机器学习算法开发；
2、行业数据分析挖掘模型场景开发；
任职资格
1、全日制数学及应用数学、统计学、相关专业本科/硕士学历；
2、至少熟练使用Python、SPSS Modeler、SAS等常用数据分析挖掘工具中的一种；
3、熟悉常用机器学习算法；
4、良好的沟通能力及团队协作能力，能承受工作压力。"
380,"1、协助产品经理完成财务数据分析清洗；
2、日常财务审计及数据分析基础工作；
3、产品经理交代的其他工作。;4、接受python培训，使用python进行数据清洗工作。;资质要求：;1、本科学位的在校学生；会计类、经济类专业；;2、掌握基础会计学专业知识和政策法规；具有良好的沟通能力、书面写作能力；熟练使用Excel办公软件；;3、每周至少有3天能到办公室工作，其他时间可在校完成工作；;4、具有团队合作精神，工作勤奋主动。"
381,3、通过数据模型预估长效预算使用效率，输出合作策略，实现预算高效精准化用度管理。;
383,"工作职责
【培训目标】
1、作为公司集团总部的储备人才，接受系统化的培训和定向实践，加深对业务及实操的理解； 
2、发展方向：在公司电商市场部-数据分析部门进行专项实习，以行业洞察、商业分析为导向；
3、培养周期为8-9个月，之后根据员工本人的就业意向以及用人部门的评估安排适合员工的职位。

任职资格
【岗位职责】
1、面向2021届毕业生，本科及以上学历； 
2、应用统计学、市场营销、商业分析等专业优先。
【你将获得】
1、管培生日薪150元-200元； 
2、良好的工作氛围，宽广的职业上升通道；
3、在毕业前签订三方协议，转正后超出市场水平的薪酬福利。"
384,职位职责：;1. 协助上级、项目经理准备和制定公司中短期经营战略和商业计划。;2. 监控并确保全公司项目能顺利计划并实施。;3. 负责商业数据收集和管理公司汇报流程。;4. 监控公司每个部门的年度计划完成情况。;5. 协助项目经理协调管理公司项目，比如ERP系统和其他企业管理系统。;6. 学习并改进公司相关流程。;;任职要求：;1. 本科在校生。;2. 每周至少实习3天。;3. 英语或日语听说读写熟练。;4. 熟练使用Office软件。;;实习工资184元/天
385,"岗位职责：
1.负责公司日常运营数据的统计和分析，并且能够分析出合理的原因；;2.负责公司产品功能和业务的统计和分析，为产品改进，推广实验等提供数据支持；;3.负责建立用户数据分析模型，并根据用户行为和业务数据进行深层次分析，为决策提供支持；;4.负责数据要求的埋点设计工作，并能够和工程师一起保证埋点的准确性。;;你将获得：;1.核心部门的工作经历，项目经历加持：涉及数据分析师工作的方方面面；;2.自身综合能力的高速提升：可直接与互联网行业经验丰富的产品大神、算法牛人、海外数据科学家共事，成长曲线陡峭；;3.良好融洽的团队氛围，热情的同时让你全方位学习成长；;4.福利：200元/天，免费三餐、零食、健身房、聚餐等。

任职要求：
1、熟悉 SQL，熟悉数据挖掘的常用算法；
2、本科以上学历，统计学或计算机专业优先；
3、逻辑思维能力强、快速学习能力强；
4、有一定的产品或商业sense；
5、概率统计基础扎实，有R/Python经验者优先；
6、能保证实习时间（线下实习，一周到岗四天以上，实习期不少于3个约，时间长优先）；;7.思路清晰，善于思考，有很强的数据分析能力，能独立分析问题并推动解决问题。"
386,"岗位职责：
	
	
		l??
负责对业务数据进行整理汇总，做出相关分析，给到业务团队意见和建议；
	

		l??
协助完善业务规则体系，梳理流程规范；
	

		l??
协助管理和维护业务系统，负责与供应商对接需求，功能更新等；
	
	
		岗位要求：
	
	
		l??
学历要求：全日制统招本科，2021 年应届毕业生，有数据分析岗位经验优先；
	

		l??
软性素质：具有一定的责任心；做事耐心细致，好学进取；沟通能力，团队协作能力;l??
负责对业务数据进行整理汇总，做出相关分析，给到业务团队意见和建议；;l??
协助完善业务规则体系，梳理流程规范；;l??
协助管理和维护业务系统，负责与供应商对接需求，功能更新等；;l??
学历要求：全日制统招本科，2021 年应届毕业生，有数据分析岗位经验优先；;l??
软性素质：具有一定的责任心；做事耐心细致，好学进取；沟通能力，团队协作能力"
